tx_id,user_id,transaction_type,amount,channel,velocity_10m,timestamp,label_fraud
TX000000,admin,transfer,219.59,ach,0,2026-05-22 10:47:00,0
TX000001,admin,deposit,257.78,branch,1,2026-05-21 16:41:00,0
TX000002,emp_finance02,payment,2239.96,mobile,2,2026-05-28 14:09:00,0
TX000003,admin,transfer,39967.31,wire,6,2026-05-21 01:29:00,1
TX000004,emp_finance01,withdrawal,32745.11,atm,9,2026-05-21 23:04:00,1
TX000005,user01,withdrawal,9299.73,atm,3,2026-05-22 12:53:00,0
TX000006,emp_finance02,withdrawal,5368.0,wire,1,2026-05-24 17:46:00,0
TX000007,emp_finance01,payment,7916.4,wire,0,2026-05-29 13:52:00,0
TX000008,analyst,withdrawal,9414.36,atm,3,2026-05-26 11:56:00,0
TX000009,emp_finance02,deposit,29786.25,mobile,12,2026-05-27 23:14:00,1
TX000010,admin,deposit,6891.6,ach,0,2026-05-26 14:24:00,0
TX000011,user01,transfer,4434.74,atm,2,2026-05-20 16:41:00,0
TX000012,emp_finance01,payment,9430.72,ach,1,2026-05-24 16:58:00,0
TX000013,emp_finance01,payment,1239.66,atm,2,2026-05-25 17:01:00,0
TX000014,admin,withdrawal,1942.16,branch,3,2026-05-19 09:04:00,0
TX000015,analyst,payment,8247.69,wire,1,2026-05-21 11:19:00,0
TX000016,emp_finance02,withdrawal,3622.86,mobile,0,2026-05-23 13:35:00,0
TX000017,emp_finance02,payment,174376.11,wire,11,2026-05-31 01:32:00,1
TX000018,emp_finance02,transfer,9403.27,mobile,3,2026-05-20 11:26:00,0
TX000019,user01,transfer,2847.29,branch,0,2026-05-26 09:46:00,0
TX000020,emp_finance01,deposit,4299.56,ach,3,2026-05-29 12:55:00,0
TX000021,analyst,deposit,178689.7,branch,9,2026-05-30 02:26:00,1
TX000022,analyst,payment,7221.49,wire,2,2026-05-18 14:50:00,0
TX000023,emp_finance01,transfer,9175.04,atm,1,2026-05-28 10:13:00,0
TX000024,emp_finance02,transfer,164756.41,ach,14,2026-05-31 02:54:00,1
TX000025,emp_finance01,deposit,221672.94,ach,15,2026-06-01 23:39:00,1
TX000026,user01,deposit,8391.15,atm,2,2026-05-26 11:08:00,0
TX000027,emp_finance02,payment,7487.16,mobile,1,2026-05-24 09:16:00,0
TX000028,admin,payment,8236.62,mobile,0,2026-05-22 17:52:00,0
TX000029,admin,withdrawal,1091.64,atm,1,2026-05-28 16:18:00,0
TX000030,analyst,payment,8395.98,mobile,0,2026-05-31 12:40:00,0
TX000031,analyst,transfer,33024.74,mobile,13,2026-05-24 03:45:00,1
TX000032,emp_finance02,deposit,226036.81,branch,11,2026-05-23 01:35:00,1
TX000033,emp_finance01,payment,119753.56,ach,9,2026-05-22 04:15:00,1
TX000034,emp_finance02,deposit,3262.89,mobile,1,2026-05-20 11:51:00,0
TX000035,emp_finance01,deposit,37818.75,mobile,9,2026-05-28 01:10:00,1
TX000036,emp_finance02,withdrawal,9224.88,mobile,2,2026-05-19 13:50:00,0
TX000037,analyst,payment,3199.76,mobile,2,2026-05-22 12:32:00,0
TX000038,user01,payment,17892.74,wire,7,2026-05-23 02:27:00,1
TX000039,emp_finance01,withdrawal,4101.16,atm,0,2026-05-21 12:27:00,0
TX000040,analyst,payment,9381.16,wire,2,2026-05-24 09:19:00,0
TX000041,emp_finance01,payment,8287.76,atm,2,2026-05-26 10:35:00,0
TX000042,emp_finance02,deposit,8909.99,branch,3,2026-05-25 15:43:00,0
TX000043,emp_finance02,withdrawal,8995.78,branch,1,2026-05-22 09:19:00,0
TX000044,admin,withdrawal,95192.72,wire,12,2026-05-18 22:40:00,1
TX000045,admin,deposit,1967.0,mobile,3,2026-05-29 09:11:00,0
TX000046,analyst,deposit,7341.41,ach,2,2026-05-20 15:57:00,0
TX000047,user01,deposit,9292.24,branch,1,2026-05-19 12:40:00,0
TX000048,emp_finance01,withdrawal,8428.59,branch,2,2026-05-18 13:34:00,0
TX000049,analyst,deposit,5557.72,mobile,3,2026-05-27 14:34:00,0
TX000050,user01,payment,3372.75,wire,3,2026-05-25 17:00:00,0
TX000051,analyst,transfer,7628.37,wire,1,2026-05-28 15:27:00,0
TX000052,emp_finance01,deposit,5439.55,ach,1,2026-05-23 15:34:00,0
TX000053,analyst,payment,236.27,branch,1,2026-06-01 15:16:00,0
TX000054,analyst,transfer,9319.46,ach,2,2026-05-19 14:05:00,0
TX000055,emp_finance02,withdrawal,240143.54,mobile,6,2026-05-20 01:01:00,1
TX000056,user01,payment,1923.59,branch,1,2026-05-25 17:44:00,0
TX000057,user01,deposit,7710.6,wire,0,2026-05-23 12:01:00,0
TX000058,admin,transfer,1602.67,ach,2,2026-05-19 09:43:00,0
TX000059,analyst,deposit,8642.57,mobile,2,2026-06-01 09:54:00,0
TX000060,admin,payment,9337.36,ach,3,2026-05-30 10:46:00,0
TX000061,emp_finance02,transfer,8725.25,atm,2,2026-05-27 17:54:00,0
TX000062,user01,withdrawal,8697.06,wire,0,2026-05-25 13:54:00,0
TX000063,emp_finance01,withdrawal,8510.51,wire,0,2026-05-24 16:12:00,0
TX000064,emp_finance02,deposit,9035.91,branch,0,2026-05-31 15:18:00,0
TX000065,analyst,payment,8709.89,atm,2,2026-05-27 14:44:00,0
TX000066,analyst,payment,982.83,ach,1,2026-05-29 16:13:00,0
TX000067,emp_finance02,payment,4206.6,mobile,2,2026-05-29 11:23:00,0
TX000068,analyst,transfer,1030.13,mobile,2,2026-05-21 16:08:00,0
TX000069,emp_finance01,transfer,3765.79,wire,2,2026-05-19 08:30:00,0
TX000070,emp_finance01,deposit,4624.63,ach,2,2026-05-31 10:15:00,0
TX000071,admin,deposit,9163.54,atm,3,2026-05-28 15:55:00,0
TX000072,emp_finance01,withdrawal,500.64,branch,1,2026-05-28 11:42:00,0
TX000073,emp_finance01,withdrawal,12088.3,atm,15,2026-05-25 00:18:00,1
TX000074,admin,withdrawal,5629.84,branch,1,2026-05-26 12:07:00,0
TX000075,analyst,payment,6616.52,wire,2,2026-05-25 12:07:00,0
TX000076,user01,payment,4013.77,mobile,0,2026-05-18 17:27:00,0
TX000077,emp_finance02,deposit,242191.78,ach,10,2026-05-23 01:02:00,1
TX000078,analyst,payment,8272.23,atm,0,2026-05-25 15:22:00,0
TX000079,admin,transfer,8494.71,wire,3,2026-05-19 12:48:00,0
TX000080,admin,deposit,15825.41,wire,14,2026-05-19 01:00:00,1
TX000081,emp_finance02,payment,32546.92,ach,13,2026-05-20 00:03:00,1
TX000082,emp_finance02,withdrawal,41067.94,atm,6,2026-05-22 02:38:00,1
TX000083,emp_finance02,deposit,4426.97,atm,0,2026-05-22 15:53:00,0
TX000084,analyst,withdrawal,9252.09,ach,3,2026-05-24 11:09:00,0
TX000085,admin,payment,9296.04,mobile,2,2026-05-18 14:50:00,0
TX000086,user01,payment,8880.41,ach,3,2026-05-24 10:30:00,0
TX000087,analyst,transfer,3030.14,atm,3,2026-05-29 11:54:00,0
TX000088,admin,payment,9217.11,mobile,3,2026-06-01 10:08:00,0
TX000089,emp_finance02,transfer,8788.93,wire,1,2026-05-26 08:55:00,0
TX000090,admin,deposit,8934.89,atm,2,2026-05-19 09:43:00,0
TX000091,user01,withdrawal,7101.76,mobile,0,2026-05-29 17:40:00,0
TX000092,emp_finance01,transfer,805.58,atm,1,2026-05-21 15:19:00,0
TX000093,emp_finance02,withdrawal,2361.07,branch,3,2026-05-23 11:43:00,0
TX000094,analyst,payment,223522.12,wire,15,2026-05-30 22:14:00,1
TX000095,user01,payment,9206.95,wire,1,2026-05-31 16:28:00,0
TX000096,admin,payment,8453.18,ach,0,2026-05-29 15:24:00,0
TX000097,emp_finance01,deposit,8032.91,atm,0,2026-05-23 12:55:00,0
TX000098,emp_finance02,transfer,1856.34,mobile,2,2026-05-22 11:48:00,0
TX000099,analyst,withdrawal,3537.77,branch,2,2026-05-27 09:47:00,0
TX000100,analyst,payment,44059.16,atm,8,2026-05-28 01:58:00,1
TX000101,analyst,transfer,3757.28,atm,2,2026-05-31 14:50:00,0
TX000102,user01,transfer,9009.24,branch,3,2026-05-19 17:40:00,0
TX000103,analyst,payment,9414.75,wire,1,2026-05-22 17:04:00,0
TX000104,admin,withdrawal,13228.0,wire,7,2026-05-29 02:56:00,1
TX000105,emp_finance01,deposit,9114.71,ach,1,2026-05-18 17:26:00,0
TX000106,user01,transfer,8049.07,atm,3,2026-05-25 11:15:00,0
TX000107,analyst,transfer,8538.01,branch,1,2026-05-31 12:54:00,0
TX000108,emp_finance02,transfer,8032.04,ach,1,2026-05-20 11:36:00,0
TX000109,emp_finance02,withdrawal,9304.54,ach,0,2026-05-28 10:54:00,0
TX000110,emp_finance02,payment,1412.49,mobile,0,2026-05-27 10:50:00,0
TX000111,user01,transfer,55741.8,wire,7,2026-05-25 00:28:00,1
TX000112,analyst,deposit,8065.05,mobile,0,2026-06-01 15:30:00,0
TX000113,user01,payment,7279.41,wire,1,2026-05-31 13:08:00,0
TX000114,admin,withdrawal,8680.57,wire,0,2026-05-19 09:41:00,0
TX000115,user01,deposit,8508.4,atm,3,2026-05-21 14:06:00,0
TX000116,emp_finance01,deposit,8228.96,mobile,0,2026-05-19 09:05:00,0
TX000117,analyst,payment,2993.72,wire,2,2026-05-22 17:07:00,0
TX000118,emp_finance02,withdrawal,9452.6,wire,0,2026-05-23 13:32:00,0
TX000119,analyst,transfer,9268.06,ach,2,2026-05-23 09:14:00,0
TX000120,user01,transfer,6639.1,branch,2,2026-05-18 12:21:00,0
TX000121,emp_finance02,deposit,4539.24,wire,0,2026-05-21 08:33:00,0
TX000122,emp_finance02,withdrawal,8467.46,ach,0,2026-05-18 17:03:00,0
TX000123,user01,withdrawal,26622.73,ach,15,2026-05-25 22:26:00,1
TX000124,analyst,transfer,21347.13,mobile,10,2026-06-01 23:14:00,1
TX000125,analyst,deposit,9151.02,branch,2,2026-05-31 12:00:00,0
TX000126,emp_finance01,deposit,19593.65,mobile,12,2026-05-19 02:47:00,1
TX000127,analyst,payment,8469.59,mobile,3,2026-05-21 17:40:00,0
TX000128,emp_finance01,withdrawal,8257.81,wire,0,2026-05-26 13:54:00,0
TX000129,emp_finance02,transfer,8593.65,ach,1,2026-05-27 13:49:00,0
TX000130,emp_finance02,payment,8290.86,branch,1,2026-05-29 13:06:00,0
TX000131,admin,deposit,76338.31,ach,13,2026-05-25 03:48:00,1
TX000132,analyst,payment,8484.81,atm,3,2026-05-31 10:30:00,0
TX000133,user01,transfer,8111.29,mobile,0,2026-06-01 15:23:00,0
TX000134,analyst,withdrawal,4066.4,mobile,1,2026-05-27 15:38:00,0
TX000135,analyst,deposit,6491.52,ach,1,2026-06-01 16:15:00,0
TX000136,admin,transfer,8559.28,atm,3,2026-05-20 14:21:00,0
TX000137,user01,transfer,34386.52,ach,15,2026-05-19 04:09:00,1
TX000138,analyst,payment,8465.35,branch,0,2026-05-28 10:35:00,0
TX000139,user01,withdrawal,6635.09,branch,2,2026-06-01 14:23:00,0
TX000140,emp_finance01,transfer,6133.93,atm,0,2026-05-28 10:54:00,0
TX000141,admin,withdrawal,4951.89,wire,1,2026-05-19 10:44:00,0
TX000142,analyst,withdrawal,35746.33,ach,10,2026-05-20 23:47:00,1
TX000143,user01,deposit,7725.46,ach,3,2026-05-25 13:49:00,0
TX000144,user01,transfer,7730.82,ach,0,2026-05-22 12:30:00,0
TX000145,emp_finance01,withdrawal,9144.68,wire,1,2026-05-19 15:27:00,0
TX000146,emp_finance01,payment,8622.35,branch,2,2026-05-29 16:24:00,0
TX000147,user01,deposit,39692.82,branch,8,2026-05-30 01:02:00,1
TX000148,emp_finance02,deposit,3763.5,mobile,2,2026-05-29 08:53:00,0
TX000149,analyst,transfer,1916.37,ach,3,2026-05-31 14:07:00,0
TX000150,analyst,withdrawal,5753.98,mobile,2,2026-05-29 17:36:00,0
TX000151,analyst,payment,2897.62,atm,3,2026-06-01 14:40:00,0
TX000152,user01,payment,2869.61,branch,2,2026-05-30 09:02:00,0
TX000153,analyst,transfer,9471.23,atm,1,2026-05-31 10:45:00,0
TX000154,analyst,payment,9328.69,mobile,3,2026-05-19 12:34:00,0
TX000155,user01,deposit,1545.01,wire,2,2026-05-31 13:51:00,0
TX000156,admin,payment,7159.21,mobile,3,2026-05-27 15:59:00,0
TX000157,emp_finance01,payment,649.84,atm,2,2026-05-27 16:06:00,0
TX000158,user01,deposit,8639.17,atm,3,2026-06-01 13:46:00,0
TX000159,admin,deposit,8086.04,mobile,1,2026-06-01 13:09:00,0
TX000160,emp_finance02,deposit,33290.37,atm,15,2026-06-01 22:38:00,1
TX000161,emp_finance02,transfer,8860.88,mobile,2,2026-05-22 14:17:00,0
TX000162,emp_finance02,payment,4002.37,wire,2,2026-05-21 12:28:00,0
TX000163,user01,payment,1103.11,mobile,0,2026-05-20 15:43:00,0
TX000164,emp_finance01,withdrawal,2337.09,branch,2,2026-05-24 10:14:00,0
TX000165,emp_finance01,transfer,8541.34,atm,1,2026-05-23 15:56:00,0
TX000166,emp_finance01,deposit,8718.0,wire,0,2026-05-30 14:20:00,0
TX000167,emp_finance01,transfer,2769.23,ach,3,2026-05-24 10:58:00,0
TX000168,emp_finance01,payment,78754.7,branch,14,2026-05-18 04:18:00,1
TX000169,emp_finance02,withdrawal,8187.76,branch,0,2026-05-24 17:41:00,0
TX000170,admin,payment,5770.65,branch,0,2026-06-01 08:41:00,0
TX000171,analyst,withdrawal,8958.49,wire,2,2026-05-22 16:19:00,0
TX000172,user01,withdrawal,8089.87,atm,3,2026-05-25 14:13:00,0
TX000173,admin,transfer,9482.04,atm,1,2026-05-20 14:23:00,0
TX000174,admin,deposit,997.72,branch,0,2026-05-28 09:24:00,0
TX000175,analyst,deposit,9220.22,atm,1,2026-05-25 11:32:00,0
TX000176,emp_finance01,transfer,8589.86,atm,1,2026-05-23 11:22:00,0
TX000177,analyst,withdrawal,8981.39,atm,0,2026-05-19 12:06:00,0
TX000178,user01,transfer,8548.91,wire,1,2026-05-27 08:35:00,0
TX000179,user01,payment,6119.94,branch,0,2026-05-26 10:23:00,0
TX000180,analyst,deposit,4082.8,branch,1,2026-05-21 08:21:00,0
TX000181,user01,payment,8491.95,ach,3,2026-05-23 10:47:00,0
TX000182,emp_finance01,deposit,9063.11,ach,0,2026-05-27 15:21:00,0
TX000183,admin,withdrawal,7192.16,mobile,3,2026-05-28 17:41:00,0
TX000184,emp_finance01,withdrawal,8943.54,mobile,1,2026-06-01 10:36:00,0
TX000185,emp_finance01,withdrawal,3361.87,ach,3,2026-05-19 14:54:00,0
TX000186,admin,payment,8993.34,ach,1,2026-05-25 13:58:00,0
TX000187,user01,payment,9081.39,branch,3,2026-05-29 17:15:00,0
TX000188,admin,payment,7858.44,atm,2,2026-05-25 15:22:00,0
TX000189,emp_finance02,payment,24529.91,mobile,11,2026-05-20 01:51:00,1
TX000190,admin,payment,8519.55,ach,3,2026-05-29 12:12:00,0
TX000191,admin,withdrawal,1115.44,branch,0,2026-05-22 11:57:00,0
TX000192,emp_finance02,deposit,129726.78,wire,8,2026-06-01 00:35:00,1
TX000193,emp_finance01,withdrawal,9445.87,ach,0,2026-05-18 12:49:00,0
TX000194,emp_finance01,deposit,6805.66,wire,1,2026-05-18 14:58:00,0
TX000195,admin,transfer,9308.44,atm,0,2026-05-28 08:36:00,0
TX000196,emp_finance01,payment,8814.95,branch,3,2026-05-28 10:12:00,0
TX000197,emp_finance02,withdrawal,5193.32,ach,2,2026-05-23 13:43:00,0
TX000198,emp_finance02,withdrawal,9240.48,wire,3,2026-05-22 09:06:00,0
TX000199,admin,transfer,1999.42,atm,2,2026-05-27 15:19:00,0
TX000200,admin,payment,5548.29,mobile,2,2026-05-30 15:25:00,0
TX000201,analyst,payment,7526.27,wire,1,2026-05-25 11:09:00,0
TX000202,admin,payment,7304.12,mobile,0,2026-05-24 11:28:00,0
TX000203,admin,deposit,915.43,mobile,1,2026-05-30 17:20:00,0
TX000204,analyst,deposit,8733.24,ach,3,2026-05-30 08:32:00,0
TX000205,emp_finance02,transfer,139787.55,mobile,10,2026-05-19 22:00:00,1
TX000206,analyst,withdrawal,5609.07,branch,3,2026-06-01 09:18:00,0
TX000207,analyst,deposit,8968.82,mobile,3,2026-05-25 13:55:00,0
TX000208,admin,withdrawal,8808.95,branch,1,2026-05-24 09:25:00,0
TX000209,emp_finance02,withdrawal,9467.74,wire,3,2026-05-24 16:24:00,0
TX000210,emp_finance01,withdrawal,2219.68,branch,3,2026-05-23 08:49:00,0
TX000211,emp_finance02,withdrawal,166758.55,mobile,6,2026-05-26 03:28:00,1
TX000212,user01,withdrawal,19727.33,atm,15,2026-05-20 23:43:00,1
TX000213,admin,withdrawal,8781.88,wire,2,2026-06-01 12:35:00,0
TX000214,analyst,withdrawal,8516.62,atm,2,2026-05-21 16:26:00,0
TX000215,emp_finance01,deposit,6040.24,wire,1,2026-05-20 12:29:00,0
TX000216,user01,transfer,1090.06,ach,0,2026-05-18 13:28:00,0
TX000217,admin,withdrawal,1540.04,wire,1,2026-05-20 09:48:00,0
TX000218,analyst,withdrawal,7258.12,ach,1,2026-05-21 11:07:00,0
TX000219,user01,payment,8359.0,atm,3,2026-05-25 12:34:00,0
TX000220,analyst,transfer,8699.01,ach,1,2026-05-27 13:20:00,0
TX000221,emp_finance02,deposit,8024.33,ach,1,2026-05-29 12:21:00,0
TX000222,analyst,deposit,8981.91,branch,3,2026-05-21 12:41:00,0
TX000223,emp_finance01,transfer,8209.94,mobile,0,2026-05-24 10:02:00,0
TX000224,user01,transfer,6743.51,ach,1,2026-05-24 08:29:00,0
TX000225,analyst,transfer,9369.13,mobile,0,2026-05-24 08:35:00,0
TX000226,emp_finance02,transfer,2212.43,mobile,3,2026-05-20 16:58:00,0
TX000227,emp_finance01,payment,8929.67,wire,2,2026-05-20 13:25:00,0
TX000228,analyst,deposit,9045.85,ach,0,2026-05-31 09:25:00,0
TX000229,user01,transfer,5101.25,ach,3,2026-05-22 15:50:00,0
TX000230,user01,transfer,9351.91,branch,0,2026-05-18 12:04:00,0
TX000231,admin,withdrawal,2529.59,ach,0,2026-05-28 14:10:00,0
TX000232,emp_finance01,payment,9344.79,mobile,1,2026-05-20 14:44:00,0
TX000233,user01,deposit,14508.6,wire,11,2026-06-01 01:40:00,1
TX000234,admin,payment,4433.24,branch,3,2026-05-31 17:49:00,0
TX000235,emp_finance01,transfer,674.66,atm,2,2026-05-27 14:06:00,0
TX000236,admin,deposit,6095.54,mobile,3,2026-05-25 10:35:00,0
TX000237,analyst,deposit,15071.12,mobile,12,2026-06-01 01:18:00,1
TX000238,emp_finance02,withdrawal,4485.1,atm,1,2026-05-22 17:24:00,0
TX000239,emp_finance01,payment,8094.9,atm,3,2026-05-28 12:30:00,0
TX000240,emp_finance01,deposit,5772.78,atm,0,2026-05-30 15:19:00,0
TX000241,admin,withdrawal,9293.3,atm,3,2026-05-19 13:52:00,0
TX000242,analyst,withdrawal,8301.28,atm,3,2026-05-27 10:18:00,0
TX000243,emp_finance02,transfer,6535.63,wire,1,2026-05-23 17:34:00,0
TX000244,user01,withdrawal,1692.99,atm,3,2026-05-30 14:40:00,0
TX000245,admin,deposit,5727.59,ach,3,2026-05-23 15:25:00,0
TX000246,user01,withdrawal,243527.75,ach,9,2026-05-22 02:42:00,1
TX000247,emp_finance01,transfer,34356.57,mobile,11,2026-05-20 01:27:00,1
TX000248,admin,withdrawal,4095.2,atm,2,2026-05-26 15:29:00,0
TX000249,user01,deposit,3872.51,branch,1,2026-05-27 09:19:00,0
TX000250,emp_finance01,transfer,8146.43,atm,0,2026-05-28 13:02:00,0
TX000251,user01,deposit,5423.57,wire,1,2026-05-24 16:10:00,0
TX000252,emp_finance02,deposit,8276.68,ach,0,2026-05-21 14:39:00,0
TX000253,admin,withdrawal,8322.19,atm,0,2026-05-20 09:55:00,0
TX000254,admin,deposit,8393.53,ach,2,2026-05-23 16:24:00,0
TX000255,admin,transfer,117156.91,branch,10,2026-05-18 01:39:00,1
TX000256,emp_finance02,deposit,8175.42,wire,3,2026-05-26 10:38:00,0
TX000257,emp_finance02,withdrawal,5091.3,atm,1,2026-05-25 16:18:00,0
TX000258,analyst,deposit,4962.89,wire,1,2026-05-29 15:52:00,0
TX000259,emp_finance02,payment,9259.84,mobile,0,2026-05-23 10:01:00,0
TX000260,emp_finance01,transfer,8252.31,atm,3,2026-05-24 17:32:00,0
TX000261,emp_finance02,payment,6589.8,mobile,1,2026-05-26 15:06:00,0
TX000262,admin,payment,9225.09,ach,1,2026-05-29 09:51:00,0
TX000263,admin,payment,1344.53,ach,0,2026-05-23 11:22:00,0
TX000264,emp_finance01,withdrawal,9056.08,wire,2,2026-05-19 17:32:00,0
TX000265,user01,withdrawal,7940.04,wire,1,2026-05-30 10:45:00,0
TX000266,emp_finance01,deposit,8403.08,ach,3,2026-05-31 14:40:00,0
TX000267,emp_finance01,deposit,9315.98,atm,2,2026-05-23 15:00:00,0
TX000268,user01,payment,8596.57,ach,3,2026-05-28 11:20:00,0
TX000269,analyst,transfer,8728.01,mobile,0,2026-05-31 08:40:00,0
TX000270,user01,withdrawal,8684.78,atm,1,2026-05-18 11:41:00,0
TX000271,emp_finance02,deposit,118889.25,mobile,12,2026-05-22 02:19:00,1
TX000272,analyst,transfer,28.67,mobile,1,2026-05-24 17:43:00,0
TX000273,analyst,transfer,9482.23,mobile,3,2026-05-31 10:14:00,0
TX000274,emp_finance02,transfer,21875.43,ach,8,2026-05-22 01:43:00,1
TX000275,admin,deposit,8246.17,branch,1,2026-05-18 11:26:00,0
TX000276,emp_finance02,withdrawal,36830.71,atm,12,2026-05-27 04:50:00,1
TX000277,admin,withdrawal,8901.5,wire,2,2026-05-29 08:33:00,0
TX000278,analyst,transfer,455.46,ach,3,2026-05-31 15:15:00,0
TX000279,admin,deposit,8541.65,atm,3,2026-05-19 10:53:00,0
TX000280,emp_finance02,transfer,1398.71,mobile,0,2026-06-01 08:16:00,0
TX000281,admin,withdrawal,8429.73,atm,3,2026-05-31 14:40:00,0
TX000282,emp_finance01,payment,61199.42,wire,11,2026-05-26 23:37:00,1
TX000283,admin,transfer,6774.82,atm,0,2026-05-25 14:39:00,0
TX000284,user01,payment,5271.26,branch,0,2026-05-30 10:31:00,0
TX000285,user01,transfer,6003.22,atm,2,2026-05-20 08:27:00,0
TX000286,admin,withdrawal,8115.61,atm,2,2026-06-01 16:31:00,0
TX000287,emp_finance01,withdrawal,203532.44,mobile,14,2026-06-01 03:02:00,1
TX000288,emp_finance02,deposit,3076.18,atm,3,2026-05-29 16:20:00,0
TX000289,emp_finance01,deposit,641.54,mobile,1,2026-05-20 10:33:00,0
TX000290,emp_finance01,payment,9160.29,branch,0,2026-05-24 13:29:00,0
TX000291,emp_finance02,withdrawal,6280.37,branch,2,2026-05-23 15:31:00,0
TX000292,analyst,payment,19688.93,mobile,6,2026-05-27 00:00:00,1
TX000293,emp_finance02,deposit,7865.26,atm,2,2026-05-31 10:02:00,0
TX000294,emp_finance01,deposit,5988.24,branch,0,2026-05-23 14:36:00,0
TX000295,emp_finance02,transfer,8472.51,branch,2,2026-05-25 13:17:00,0
TX000296,analyst,transfer,202880.06,ach,13,2026-05-25 03:20:00,1
TX000297,user01,transfer,8677.88,branch,0,2026-05-31 12:10:00,0
TX000298,user01,payment,2635.79,branch,3,2026-05-24 13:03:00,0
TX000299,emp_finance02,transfer,127900.41,mobile,13,2026-05-31 02:51:00,1
TX000300,emp_finance01,payment,205096.8,mobile,12,2026-05-27 01:43:00,1
TX000301,user01,transfer,41782.37,mobile,8,2026-05-31 01:57:00,1
TX000302,analyst,withdrawal,9386.2,atm,3,2026-06-01 14:24:00,0
TX000303,analyst,deposit,1513.47,ach,1,2026-05-22 08:18:00,0
TX000304,admin,transfer,8574.52,wire,1,2026-05-22 11:51:00,0
TX000305,emp_finance02,transfer,8816.78,atm,2,2026-05-26 13:17:00,0
TX000306,admin,withdrawal,9216.03,branch,3,2026-05-24 08:22:00,0
TX000307,analyst,payment,179657.21,branch,9,2026-05-23 01:54:00,1
TX000308,user01,withdrawal,38604.94,ach,6,2026-05-21 23:44:00,1
TX000309,emp_finance01,transfer,9215.6,mobile,2,2026-05-30 16:31:00,0
TX000310,user01,withdrawal,1766.1,atm,1,2026-05-20 13:08:00,0
TX000311,user01,transfer,75280.96,atm,7,2026-05-19 01:33:00,1
TX000312,analyst,deposit,8879.02,atm,2,2026-05-30 12:10:00,0
TX000313,analyst,payment,34887.49,atm,15,2026-05-19 03:11:00,1
TX000314,admin,payment,43310.01,ach,15,2026-06-01 01:11:00,1
TX000315,user01,withdrawal,4533.09,mobile,0,2026-05-29 13:22:00,0
TX000316,emp_finance02,transfer,9093.93,atm,0,2026-05-28 15:13:00,0
TX000317,analyst,deposit,8001.92,wire,3,2026-05-30 15:56:00,0
TX000318,emp_finance01,payment,3015.27,mobile,3,2026-05-31 10:51:00,0
TX000319,admin,transfer,7614.26,atm,1,2026-05-21 14:04:00,0
TX000320,analyst,withdrawal,4916.88,mobile,1,2026-05-23 14:56:00,0
TX000321,emp_finance01,transfer,18269.48,wire,10,2026-05-28 00:15:00,1
TX000322,admin,deposit,8230.38,branch,3,2026-05-31 08:18:00,0
TX000323,analyst,deposit,87425.36,wire,7,2026-05-28 22:50:00,1
TX000324,user01,withdrawal,8962.8,wire,2,2026-05-18 10:24:00,0
TX000325,emp_finance01,transfer,20692.23,atm,6,2026-05-30 23:48:00,1
TX000326,admin,deposit,3323.61,ach,0,2026-05-19 16:24:00,0
TX000327,emp_finance01,withdrawal,7492.16,mobile,2,2026-05-31 15:25:00,0
TX000328,analyst,transfer,3603.34,wire,1,2026-05-30 11:02:00,0
TX000329,admin,deposit,8221.82,ach,0,2026-05-31 13:24:00,0
TX000330,emp_finance02,withdrawal,2224.08,ach,3,2026-05-31 17:26:00,0
TX000331,admin,payment,6071.85,wire,0,2026-05-20 17:18:00,0
TX000332,emp_finance02,deposit,8858.03,mobile,1,2026-05-28 08:25:00,0
TX000333,emp_finance01,payment,7034.08,atm,2,2026-05-18 15:23:00,0
TX000334,analyst,payment,6745.92,atm,1,2026-05-28 11:47:00,0
TX000335,admin,payment,8133.93,mobile,3,2026-05-21 11:31:00,0
TX000336,emp_finance02,transfer,8466.68,branch,0,2026-05-30 10:12:00,0
TX000337,admin,deposit,55364.65,mobile,11,2026-05-19 04:29:00,1
TX000338,user01,payment,8733.18,branch,3,2026-05-23 10:35:00,0
TX000339,emp_finance02,withdrawal,2084.11,branch,0,2026-05-26 12:03:00,0
TX000340,emp_finance01,deposit,8403.63,branch,0,2026-05-19 16:49:00,0
TX000341,user01,deposit,8012.7,wire,2,2026-05-21 17:45:00,0
TX000342,emp_finance01,payment,8327.31,ach,3,2026-05-23 16:06:00,0
TX000343,user01,payment,4880.22,atm,0,2026-05-27 15:17:00,0
TX000344,admin,deposit,7618.46,atm,1,2026-05-18 10:03:00,0
TX000345,emp_finance01,withdrawal,8983.1,atm,3,2026-05-26 12:24:00,0
TX000346,admin,withdrawal,8801.95,atm,2,2026-05-19 13:10:00,0
TX000347,emp_finance02,payment,71228.55,branch,11,2026-05-22 00:05:00,1
TX000348,analyst,transfer,9182.14,wire,2,2026-05-23 13:18:00,0
TX000349,analyst,payment,175051.33,wire,9,2026-05-24 22:07:00,1
TX000350,analyst,withdrawal,220119.15,atm,12,2026-05-23 04:57:00,1
TX000351,emp_finance01,deposit,8121.22,atm,2,2026-05-22 10:03:00,0
TX000352,analyst,deposit,6192.87,wire,0,2026-05-30 15:39:00,0
TX000353,admin,withdrawal,3829.65,mobile,0,2026-05-18 13:20:00,0
TX000354,admin,payment,8373.23,branch,1,2026-05-31 12:24:00,0
TX000355,user01,deposit,43299.29,branch,14,2026-05-23 00:33:00,1
TX000356,emp_finance02,withdrawal,7213.04,branch,3,2026-06-01 10:14:00,0
TX000357,user01,transfer,8253.48,ach,3,2026-05-18 08:40:00,0
TX000358,analyst,transfer,5302.52,ach,0,2026-05-26 08:28:00,0
TX000359,admin,payment,5620.91,ach,3,2026-05-22 12:06:00,0
TX000360,emp_finance01,deposit,1114.56,branch,0,2026-05-28 16:07:00,0
TX000361,emp_finance01,deposit,6228.11,branch,3,2026-05-28 13:10:00,0
TX000362,analyst,withdrawal,3855.7,mobile,0,2026-05-19 09:36:00,0
TX000363,analyst,transfer,9085.36,mobile,3,2026-05-28 11:16:00,0
TX000364,emp_finance01,transfer,9278.37,mobile,3,2026-05-21 13:07:00,0
TX000365,emp_finance01,payment,8255.77,atm,2,2026-05-18 15:46:00,0
TX000366,emp_finance02,transfer,9443.46,branch,3,2026-05-20 14:26:00,0
TX000367,analyst,deposit,488.0,branch,3,2026-05-18 09:37:00,0
TX000368,analyst,deposit,6237.73,mobile,3,2026-05-31 15:56:00,0
TX000369,admin,transfer,179269.58,wire,11,2026-05-24 00:33:00,1
TX000370,emp_finance02,deposit,8518.62,wire,0,2026-06-01 10:41:00,0
TX000371,emp_finance02,deposit,617.42,wire,2,2026-06-01 13:32:00,0
TX000372,emp_finance01,deposit,8666.28,mobile,3,2026-05-25 09:20:00,0
TX000373,admin,payment,129529.4,ach,7,2026-05-20 01:38:00,1
TX000374,analyst,payment,8684.31,ach,0,2026-05-19 13:14:00,0
TX000375,emp_finance02,transfer,9074.99,atm,0,2026-05-31 15:48:00,0
TX000376,analyst,withdrawal,9199.87,wire,0,2026-05-18 09:10:00,0
TX000377,emp_finance02,payment,18188.93,mobile,13,2026-05-19 03:50:00,1
TX000378,admin,withdrawal,391.07,wire,3,2026-05-22 15:37:00,0
TX000379,admin,withdrawal,30256.47,ach,15,2026-05-25 01:59:00,1
TX000380,emp_finance02,payment,15417.28,wire,12,2026-05-26 23:38:00,1
TX000381,admin,payment,7764.52,ach,3,2026-05-23 10:44:00,0
TX000382,user01,payment,5700.76,branch,1,2026-05-23 11:45:00,0
TX000383,admin,deposit,9437.49,ach,2,2026-05-24 09:30:00,0
TX000384,emp_finance01,withdrawal,6781.46,atm,3,2026-05-30 08:03:00,0
TX000385,user01,withdrawal,8429.92,ach,0,2026-05-21 10:50:00,0
TX000386,admin,payment,211875.37,mobile,14,2026-05-26 00:15:00,1
TX000387,user01,withdrawal,9435.05,ach,0,2026-06-01 16:47:00,0
TX000388,emp_finance02,payment,6886.35,wire,1,2026-05-20 13:46:00,0
TX000389,emp_finance01,deposit,184945.06,atm,14,2026-05-31 00:24:00,1
TX000390,emp_finance02,transfer,8875.98,branch,2,2026-05-25 08:45:00,0
TX000391,user01,withdrawal,9160.49,branch,2,2026-05-31 15:50:00,0
TX000392,emp_finance02,payment,8239.06,atm,2,2026-05-29 09:56:00,0
TX000393,user01,deposit,9128.98,branch,0,2026-05-31 16:42:00,0
TX000394,emp_finance01,deposit,4917.33,atm,3,2026-05-18 13:50:00,0
TX000395,user01,withdrawal,9367.0,atm,3,2026-05-25 16:02:00,0
TX000396,emp_finance02,deposit,7586.73,mobile,1,2026-05-22 09:40:00,0
TX000397,user01,transfer,9317.96,mobile,1,2026-06-01 09:29:00,0
TX000398,analyst,deposit,81488.39,wire,9,2026-05-18 23:16:00,1
TX000399,admin,transfer,3475.54,ach,0,2026-05-22 16:46:00,0
TX000400,user01,deposit,218891.5,wire,10,2026-05-23 04:05:00,1
TX000401,admin,payment,5292.57,branch,3,2026-05-20 10:51:00,0
TX000402,emp_finance01,deposit,9448.05,ach,1,2026-05-31 08:02:00,0
TX000403,admin,withdrawal,8315.08,branch,3,2026-05-18 11:41:00,0
TX000404,admin,deposit,4942.74,ach,0,2026-05-19 10:48:00,0
TX000405,user01,withdrawal,182695.48,branch,15,2026-05-25 00:21:00,1
TX000406,user01,withdrawal,41703.91,ach,13,2026-05-27 22:39:00,1
TX000407,emp_finance02,deposit,6465.44,atm,2,2026-05-29 08:50:00,0
TX000408,user01,deposit,9099.46,ach,3,2026-05-27 15:49:00,0
TX000409,emp_finance02,payment,14705.13,mobile,8,2026-05-18 01:34:00,1
TX000410,emp_finance02,transfer,7139.0,ach,3,2026-05-20 17:37:00,0
TX000411,admin,payment,7154.01,branch,3,2026-05-29 13:57:00,0
TX000412,emp_finance02,deposit,4093.09,branch,1,2026-05-20 11:32:00,0
TX000413,emp_finance02,deposit,239485.93,branch,13,2026-05-27 00:02:00,1
TX000414,analyst,transfer,120734.21,mobile,11,2026-05-26 23:30:00,1
TX000415,analyst,payment,9055.6,ach,1,2026-05-26 12:41:00,0
TX000416,user01,deposit,8774.99,wire,3,2026-05-27 11:52:00,0
TX000417,user01,withdrawal,9323.05,branch,1,2026-05-31 10:32:00,0
TX000418,emp_finance01,deposit,2910.54,wire,3,2026-05-20 11:21:00,0
TX000419,admin,withdrawal,8970.89,branch,1,2026-06-01 08:08:00,0
TX000420,admin,deposit,332.74,ach,2,2026-05-18 10:11:00,0
TX000421,analyst,deposit,9317.76,branch,1,2026-05-25 09:38:00,0
TX000422,user01,deposit,3297.92,ach,2,2026-05-30 17:46:00,0
TX000423,admin,deposit,1853.91,branch,1,2026-05-24 08:55:00,0
TX000424,emp_finance02,transfer,1435.83,wire,0,2026-05-31 16:30:00,0
TX000425,analyst,payment,8065.16,ach,3,2026-05-20 11:49:00,0
TX000426,emp_finance02,transfer,7264.71,atm,1,2026-05-28 14:30:00,0
TX000427,analyst,withdrawal,4358.97,atm,0,2026-05-24 08:00:00,0
TX000428,admin,payment,8639.11,wire,3,2026-05-23 12:23:00,0
TX000429,analyst,payment,9175.68,atm,2,2026-05-24 10:35:00,0
TX000430,emp_finance02,transfer,6198.07,branch,1,2026-05-25 09:50:00,0
TX000431,emp_finance01,withdrawal,6292.93,wire,3,2026-05-22 10:00:00,0
TX000432,analyst,deposit,3494.31,ach,0,2026-05-23 13:02:00,0
TX000433,emp_finance02,payment,2306.02,branch,3,2026-05-25 10:00:00,0
TX000434,user01,withdrawal,167900.56,mobile,8,2026-05-22 23:02:00,1
TX000435,emp_finance02,transfer,8413.91,mobile,3,2026-05-26 13:37:00,0
TX000436,emp_finance02,deposit,9089.21,wire,2,2026-05-29 13:38:00,0
TX000437,user01,transfer,2103.64,ach,0,2026-05-24 16:18:00,0
TX000438,emp_finance02,payment,9219.72,wire,3,2026-05-23 15:30:00,0
TX000439,emp_finance02,withdrawal,9293.03,atm,2,2026-05-31 09:24:00,0
TX000440,user01,transfer,8803.48,ach,2,2026-05-31 11:25:00,0
TX000441,emp_finance02,withdrawal,8530.31,branch,1,2026-05-25 10:47:00,0
TX000442,emp_finance01,transfer,1670.09,mobile,2,2026-05-30 17:49:00,0
TX000443,analyst,payment,5314.12,wire,2,2026-05-23 15:20:00,0
TX000444,analyst,deposit,8766.7,ach,1,2026-06-01 11:33:00,0
TX000445,analyst,payment,116194.24,mobile,7,2026-05-21 22:33:00,1
TX000446,emp_finance02,payment,31173.27,branch,15,2026-05-19 04:16:00,1
TX000447,user01,payment,7669.04,wire,3,2026-05-29 15:26:00,0
TX000448,admin,deposit,1455.52,wire,2,2026-05-20 09:15:00,0
TX000449,emp_finance02,payment,9107.81,wire,1,2026-05-26 08:31:00,0
TX000450,user01,deposit,8851.75,mobile,1,2026-06-01 09:13:00,0
TX000451,user01,withdrawal,8541.44,ach,0,2026-05-26 13:07:00,0
TX000452,analyst,deposit,8261.81,mobile,2,2026-05-22 13:32:00,0
TX000453,admin,deposit,2306.46,mobile,2,2026-05-26 10:40:00,0
TX000454,analyst,payment,22344.91,wire,10,2026-05-23 00:41:00,1
TX000455,emp_finance01,withdrawal,9121.84,branch,1,2026-05-30 14:54:00,0
TX000456,emp_finance01,transfer,7524.69,wire,1,2026-05-26 11:06:00,0
TX000457,emp_finance01,deposit,230.39,atm,2,2026-05-23 09:09:00,0
TX000458,user01,payment,5905.99,wire,1,2026-06-01 10:02:00,0
TX000459,analyst,deposit,9402.29,ach,1,2026-05-23 10:38:00,0
TX000460,analyst,payment,9363.38,atm,1,2026-05-20 16:05:00,0
TX000461,emp_finance01,deposit,1262.63,wire,2,2026-05-25 13:34:00,0
TX000462,admin,deposit,6131.64,wire,2,2026-05-29 08:26:00,0
TX000463,emp_finance02,payment,8968.99,atm,2,2026-05-31 11:27:00,0
TX000464,emp_finance01,deposit,4264.92,ach,1,2026-05-30 09:18:00,0
TX000465,emp_finance01,withdrawal,8737.99,mobile,1,2026-06-01 08:34:00,0
TX000466,analyst,withdrawal,1017.81,atm,0,2026-05-30 11:00:00,0
TX000467,emp_finance02,transfer,8747.59,atm,0,2026-05-27 15:05:00,0
TX000468,emp_finance01,withdrawal,589.65,wire,3,2026-05-19 12:00:00,0
TX000469,emp_finance01,withdrawal,3554.83,wire,3,2026-05-21 11:49:00,0
TX000470,user01,withdrawal,7690.49,atm,0,2026-05-28 08:30:00,0
TX000471,emp_finance02,payment,6911.99,ach,3,2026-05-27 11:00:00,0
TX000472,emp_finance02,payment,206774.47,mobile,13,2026-05-21 23:38:00,1
TX000473,emp_finance02,transfer,9028.92,branch,0,2026-05-27 08:41:00,0
TX000474,analyst,payment,8837.53,branch,1,2026-06-01 15:44:00,0
TX000475,emp_finance02,payment,9059.94,atm,3,2026-05-29 16:36:00,0
TX000476,user01,payment,2217.09,wire,1,2026-05-25 09:18:00,0
TX000477,admin,withdrawal,175795.34,atm,15,2026-05-19 02:23:00,1
TX000478,emp_finance02,payment,8808.43,atm,3,2026-05-20 11:35:00,0
TX000479,emp_finance01,withdrawal,2589.75,mobile,1,2026-05-30 08:55:00,0
TX000480,emp_finance02,transfer,8856.52,mobile,2,2026-06-01 15:23:00,0
TX000481,analyst,payment,1685.73,mobile,0,2026-05-27 15:35:00,0
TX000482,emp_finance01,transfer,2141.21,branch,0,2026-05-29 12:33:00,0
TX000483,admin,deposit,1531.89,mobile,1,2026-05-24 17:47:00,0
TX000484,admin,deposit,9011.74,ach,1,2026-05-20 09:11:00,0
TX000485,user01,deposit,9497.65,wire,2,2026-05-24 13:20:00,0
TX000486,analyst,deposit,2601.14,mobile,2,2026-05-27 14:28:00,0
TX000487,emp_finance02,payment,7863.99,mobile,0,2026-05-28 12:14:00,0
TX000488,emp_finance02,withdrawal,7547.92,atm,0,2026-05-25 09:22:00,0
TX000489,emp_finance02,transfer,8349.49,atm,3,2026-05-23 09:58:00,0
TX000490,admin,deposit,1399.76,mobile,2,2026-06-01 17:46:00,0
TX000491,emp_finance02,transfer,8501.58,wire,0,2026-05-19 14:49:00,0
TX000492,emp_finance02,transfer,152498.59,wire,14,2026-05-21 04:14:00,1
TX000493,analyst,withdrawal,6027.66,branch,3,2026-05-28 11:50:00,0
TX000494,analyst,withdrawal,9117.97,branch,0,2026-05-26 12:32:00,0
TX000495,user01,deposit,1600.91,atm,1,2026-05-29 16:04:00,0
TX000496,user01,payment,8168.79,ach,2,2026-05-27 14:12:00,0
TX000497,analyst,transfer,8253.88,branch,3,2026-05-23 17:09:00,0
TX000498,emp_finance02,payment,3003.09,mobile,0,2026-05-29 09:39:00,0
TX000499,admin,withdrawal,8457.68,branch,2,2026-05-29 08:47:00,0
TX000500,admin,transfer,6007.83,atm,3,2026-05-23 08:57:00,0
TX000501,emp_finance01,deposit,38043.22,atm,13,2026-05-22 02:00:00,1
TX000502,analyst,withdrawal,7304.69,wire,2,2026-05-19 08:56:00,0
TX000503,admin,deposit,9355.81,ach,0,2026-05-30 17:12:00,0
TX000504,emp_finance02,transfer,8371.09,atm,3,2026-05-26 13:47:00,0
TX000505,emp_finance01,payment,8453.49,branch,2,2026-05-18 08:24:00,0
TX000506,admin,withdrawal,228920.94,wire,12,2026-05-24 00:43:00,1
TX000507,emp_finance02,withdrawal,9455.81,branch,1,2026-05-29 15:41:00,0
TX000508,admin,withdrawal,5646.99,atm,1,2026-05-22 14:59:00,0
TX000509,user01,deposit,154257.12,wire,8,2026-05-21 04:01:00,1
TX000510,emp_finance02,transfer,9232.55,ach,1,2026-05-31 10:08:00,0
TX000511,analyst,withdrawal,4852.72,ach,0,2026-05-27 11:05:00,0
TX000512,emp_finance02,withdrawal,3760.73,branch,3,2026-05-25 14:08:00,0
TX000513,emp_finance02,withdrawal,12495.47,mobile,9,2026-05-21 22:42:00,1
TX000514,emp_finance02,deposit,26496.41,wire,11,2026-05-19 00:29:00,1
TX000515,analyst,deposit,9236.49,mobile,0,2026-05-24 14:06:00,0
TX000516,emp_finance01,withdrawal,1980.86,atm,3,2026-05-24 16:48:00,0
TX000517,admin,transfer,9160.52,ach,1,2026-05-26 15:18:00,0
TX000518,admin,withdrawal,3719.36,wire,0,2026-05-30 16:49:00,0
TX000519,emp_finance02,transfer,3618.07,mobile,0,2026-05-28 15:20:00,0
TX000520,analyst,deposit,23977.13,mobile,14,2026-05-23 00:10:00,1
TX000521,emp_finance01,deposit,7299.78,atm,1,2026-05-30 10:49:00,0
TX000522,admin,payment,6153.67,mobile,1,2026-05-29 09:00:00,0
TX000523,admin,deposit,6846.18,wire,3,2026-05-29 17:13:00,0
TX000524,admin,withdrawal,653.65,mobile,2,2026-05-23 16:40:00,0
TX000525,emp_finance01,transfer,459.41,mobile,2,2026-05-27 08:58:00,0
TX000526,emp_finance01,payment,1442.42,atm,2,2026-05-18 15:02:00,0
TX000527,emp_finance02,transfer,8101.5,atm,0,2026-05-28 16:30:00,0
TX000528,admin,transfer,3321.79,wire,0,2026-05-31 17:36:00,0
TX000529,admin,payment,9182.28,branch,2,2026-05-28 14:33:00,0
TX000530,emp_finance02,payment,9093.78,branch,1,2026-05-18 15:39:00,0
TX000531,analyst,deposit,49917.29,mobile,9,2026-05-20 00:39:00,1
TX000532,emp_finance01,payment,4492.12,atm,2,2026-05-28 11:50:00,0
TX000533,admin,transfer,8009.2,branch,3,2026-05-21 13:36:00,0
TX000534,analyst,withdrawal,9383.42,wire,0,2026-05-22 15:08:00,0
TX000535,user01,transfer,8502.66,branch,2,2026-05-23 08:46:00,0
TX000536,emp_finance01,payment,9374.28,wire,1,2026-05-28 09:53:00,0
TX000537,user01,payment,8856.47,mobile,0,2026-05-19 10:50:00,0
TX000538,user01,withdrawal,9315.57,mobile,2,2026-05-29 15:33:00,0
TX000539,admin,withdrawal,318.41,branch,0,2026-05-20 15:30:00,0
TX000540,emp_finance01,withdrawal,9310.82,branch,1,2026-05-20 13:55:00,0
TX000541,admin,transfer,3685.76,atm,2,2026-05-18 08:02:00,0
TX000542,emp_finance02,payment,8780.87,branch,2,2026-05-22 08:57:00,0
TX000543,user01,transfer,8478.72,mobile,2,2026-05-30 09:10:00,0
TX000544,user01,withdrawal,8153.56,branch,2,2026-05-28 16:09:00,0
TX000545,emp_finance01,transfer,23178.38,wire,8,2026-06-01 02:30:00,1
TX000546,emp_finance02,transfer,17906.44,wire,11,2026-05-28 23:21:00,1
TX000547,analyst,deposit,9203.53,branch,3,2026-05-28 09:43:00,0
TX000548,user01,payment,9343.55,wire,3,2026-05-30 13:44:00,0
TX000549,user01,withdrawal,8169.33,ach,1,2026-05-28 15:49:00,0
TX000550,admin,deposit,38293.01,wire,7,2026-05-20 23:19:00,1
TX000551,emp_finance02,deposit,1923.83,wire,3,2026-05-31 15:21:00,0
TX000552,admin,deposit,2750.76,atm,3,2026-05-31 09:37:00,0
TX000553,admin,deposit,8264.26,atm,0,2026-05-22 09:52:00,0
TX000554,emp_finance02,deposit,5288.11,ach,0,2026-05-20 17:09:00,0
TX000555,user01,deposit,4932.27,atm,2,2026-05-23 13:50:00,0
TX000556,admin,transfer,8917.24,mobile,2,2026-06-01 10:23:00,0
TX000557,admin,deposit,8538.87,atm,1,2026-05-26 08:44:00,0
TX000558,admin,deposit,3260.14,atm,3,2026-05-30 10:12:00,0
TX000559,emp_finance01,withdrawal,1251.05,wire,0,2026-05-31 10:41:00,0
TX000560,admin,deposit,7800.3,ach,3,2026-05-18 14:50:00,0
TX000561,analyst,transfer,30217.65,ach,11,2026-05-29 22:11:00,1
TX000562,admin,deposit,9068.19,atm,2,2026-06-01 14:02:00,0
TX000563,user01,deposit,143714.25,ach,14,2026-05-19 00:48:00,1
TX000564,admin,payment,14918.73,ach,7,2026-05-22 00:40:00,1
TX000565,admin,payment,37691.4,wire,14,2026-05-18 22:30:00,1
TX000566,admin,payment,7822.53,mobile,2,2026-05-21 08:50:00,0
TX000567,emp_finance01,withdrawal,8859.29,ach,0,2026-05-28 17:31:00,0
TX000568,emp_finance01,withdrawal,20317.68,ach,10,2026-06-01 04:47:00,1
TX000569,admin,transfer,5280.06,atm,1,2026-05-25 12:11:00,0
TX000570,emp_finance02,deposit,7739.42,branch,3,2026-05-20 15:24:00,0
TX000571,analyst,deposit,8517.61,atm,0,2026-05-30 09:29:00,0
TX000572,emp_finance02,deposit,7587.05,mobile,3,2026-05-25 14:16:00,0
TX000573,admin,payment,8573.01,wire,0,2026-05-31 16:58:00,0
TX000574,admin,deposit,8408.89,wire,0,2026-05-28 12:41:00,0
TX000575,emp_finance02,payment,5997.75,ach,2,2026-05-22 16:44:00,0
TX000576,analyst,payment,14242.41,branch,14,2026-05-31 02:43:00,1
TX000577,emp_finance01,transfer,2030.13,mobile,1,2026-05-23 08:40:00,0
TX000578,analyst,transfer,1056.66,wire,1,2026-05-28 09:18:00,0
TX000579,user01,transfer,8640.48,wire,1,2026-05-20 12:04:00,0
TX000580,emp_finance02,deposit,8387.36,branch,3,2026-05-31 10:31:00,0
TX000581,user01,transfer,8810.95,mobile,0,2026-05-18 11:28:00,0
TX000582,emp_finance01,transfer,20269.68,wire,13,2026-05-30 02:41:00,1
TX000583,analyst,transfer,5606.44,ach,3,2026-05-25 16:27:00,0
TX000584,user01,deposit,9033.89,mobile,2,2026-05-27 09:43:00,0
TX000585,user01,withdrawal,8136.0,branch,3,2026-05-20 09:49:00,0
TX000586,user01,deposit,8991.1,mobile,0,2026-05-22 14:44:00,0
TX000587,emp_finance02,deposit,3515.11,wire,0,2026-05-21 11:37:00,0
TX000588,user01,transfer,22155.12,wire,6,2026-05-27 02:03:00,1
TX000589,admin,withdrawal,34021.44,mobile,14,2026-05-30 00:47:00,1
TX000590,emp_finance02,transfer,33576.44,branch,6,2026-05-29 23:44:00,1
TX000591,emp_finance01,transfer,7239.21,mobile,1,2026-05-19 15:37:00,0
TX000592,analyst,payment,6397.42,mobile,2,2026-05-20 14:53:00,0
TX000593,emp_finance01,payment,4616.22,branch,1,2026-05-27 08:04:00,0
TX000594,emp_finance01,withdrawal,1361.05,mobile,1,2026-05-18 15:37:00,0
TX000595,emp_finance01,withdrawal,5064.91,mobile,3,2026-05-31 08:00:00,0
TX000596,user01,deposit,8425.6,wire,1,2026-05-30 10:40:00,0
TX000597,user01,payment,1412.9,wire,0,2026-05-22 15:52:00,0
TX000598,admin,withdrawal,93306.0,wire,11,2026-05-19 23:48:00,1
TX000599,analyst,deposit,5281.43,branch,1,2026-05-22 09:54:00,0
TX000600,user01,deposit,13782.91,mobile,9,2026-05-26 04:16:00,1
TX000601,emp_finance01,transfer,55753.6,branch,6,2026-05-25 01:32:00,1
TX000602,user01,withdrawal,4749.8,mobile,1,2026-05-20 13:07:00,0
TX000603,emp_finance01,deposit,3312.51,branch,3,2026-05-23 09:31:00,0
TX000604,user01,payment,8267.09,branch,3,2026-05-21 10:12:00,0
TX000605,analyst,deposit,8853.0,branch,0,2026-05-19 10:29:00,0
TX000606,emp_finance02,transfer,1774.43,wire,1,2026-05-23 17:35:00,0
TX000607,analyst,withdrawal,9493.5,branch,2,2026-06-01 15:46:00,0
TX000608,emp_finance01,deposit,4644.15,ach,0,2026-05-26 17:02:00,0
TX000609,admin,transfer,153879.95,wire,13,2026-05-29 22:05:00,1
TX000610,emp_finance02,deposit,1079.04,ach,3,2026-05-22 08:19:00,0
TX000611,user01,deposit,214.82,mobile,1,2026-05-20 14:55:00,0
TX000612,user01,withdrawal,9340.15,mobile,0,2026-05-28 16:27:00,0
TX000613,analyst,transfer,9398.36,atm,0,2026-05-26 08:23:00,0
TX000614,emp_finance01,deposit,5192.42,ach,2,2026-05-29 10:34:00,0
TX000615,admin,deposit,5628.69,atm,2,2026-05-18 13:17:00,0
TX000616,admin,payment,121426.82,wire,14,2026-05-22 22:52:00,1
TX000617,analyst,withdrawal,6403.23,atm,3,2026-05-31 11:05:00,0
TX000618,emp_finance02,transfer,634.04,atm,3,2026-05-30 10:55:00,0
TX000619,emp_finance01,payment,9397.58,branch,3,2026-05-25 13:47:00,0
TX000620,user01,deposit,19666.83,ach,15,2026-05-27 22:41:00,1
TX000621,user01,withdrawal,8822.7,atm,1,2026-05-18 12:50:00,0
TX000622,emp_finance02,withdrawal,2987.78,ach,2,2026-05-28 10:29:00,0
TX000623,user01,withdrawal,7786.18,wire,1,2026-05-31 10:02:00,0
TX000624,analyst,withdrawal,1492.28,ach,2,2026-05-30 13:23:00,0
TX000625,emp_finance02,transfer,8606.84,ach,3,2026-05-18 10:20:00,0
TX000626,analyst,payment,9058.18,mobile,1,2026-05-20 12:36:00,0
TX000627,emp_finance02,deposit,7203.39,atm,0,2026-05-26 12:39:00,0
TX000628,emp_finance01,deposit,56281.9,mobile,10,2026-05-29 01:01:00,1
TX000629,analyst,payment,3167.5,wire,3,2026-05-30 13:45:00,0
TX000630,analyst,deposit,8527.03,wire,0,2026-05-29 16:46:00,0
TX000631,admin,transfer,9455.54,branch,1,2026-05-19 14:37:00,0
TX000632,analyst,payment,9301.29,wire,3,2026-05-31 09:00:00,0
TX000633,user01,deposit,139734.59,mobile,8,2026-05-19 03:24:00,1
TX000634,emp_finance01,withdrawal,8877.81,atm,3,2026-05-29 16:01:00,0
TX000635,emp_finance02,transfer,5131.63,mobile,3,2026-05-30 12:31:00,0
TX000636,user01,deposit,9455.94,mobile,3,2026-05-23 17:27:00,0
TX000637,analyst,withdrawal,8026.32,atm,0,2026-05-30 10:20:00,0
TX000638,emp_finance01,withdrawal,25843.96,branch,10,2026-05-28 02:33:00,1
TX000639,user01,transfer,8250.7,ach,2,2026-05-28 13:43:00,0
TX000640,emp_finance02,transfer,8019.35,branch,3,2026-05-26 13:21:00,0
TX000641,emp_finance01,withdrawal,90328.27,mobile,13,2026-05-18 22:04:00,1
TX000642,user01,transfer,8543.85,mobile,2,2026-05-30 17:45:00,0
TX000643,emp_finance01,deposit,6857.39,mobile,1,2026-05-29 12:08:00,0
TX000644,admin,transfer,203811.92,wire,7,2026-06-01 03:50:00,1
TX000645,admin,withdrawal,96867.56,ach,7,2026-05-20 01:07:00,1
TX000646,user01,withdrawal,1494.56,ach,2,2026-05-23 10:22:00,0
TX000647,emp_finance02,payment,4911.39,branch,0,2026-05-24 09:13:00,0
TX000648,admin,withdrawal,4306.27,wire,3,2026-05-27 11:44:00,0
TX000649,analyst,transfer,9252.11,atm,1,2026-05-24 14:14:00,0
TX000650,emp_finance01,transfer,16485.11,atm,10,2026-05-24 00:46:00,1
TX000651,user01,deposit,8685.42,branch,1,2026-05-24 15:26:00,0
TX000652,emp_finance01,deposit,9203.65,wire,0,2026-05-22 10:31:00,0
TX000653,emp_finance02,transfer,8178.83,atm,0,2026-05-21 14:59:00,0
TX000654,analyst,payment,8892.44,ach,1,2026-05-19 09:27:00,0
TX000655,analyst,deposit,9201.48,ach,3,2026-05-22 13:38:00,0
TX000656,emp_finance02,transfer,8162.06,mobile,3,2026-05-29 15:40:00,0
TX000657,user01,withdrawal,6645.89,atm,3,2026-05-23 10:43:00,0
TX000658,analyst,deposit,8114.78,ach,1,2026-05-28 15:42:00,0
TX000659,emp_finance01,deposit,2762.05,wire,3,2026-05-18 08:58:00,0
TX000660,emp_finance02,deposit,3023.17,wire,2,2026-05-18 10:45:00,0
TX000661,admin,deposit,191723.25,wire,13,2026-05-22 23:35:00,1
TX000662,user01,payment,8083.61,atm,3,2026-05-23 15:43:00,0
TX000663,user01,deposit,16230.54,mobile,15,2026-06-01 04:48:00,1
TX000664,user01,transfer,7935.73,mobile,1,2026-05-29 11:41:00,0
TX000665,analyst,deposit,8254.67,atm,3,2026-05-22 08:55:00,0
TX000666,admin,transfer,12733.8,wire,15,2026-05-26 22:20:00,1
TX000667,analyst,withdrawal,23086.93,wire,15,2026-05-28 03:23:00,1
TX000668,admin,deposit,7793.38,branch,2,2026-06-01 12:19:00,0
TX000669,admin,deposit,7664.37,wire,2,2026-05-28 17:04:00,0
TX000670,admin,payment,8977.31,branch,2,2026-05-26 16:42:00,0
TX000671,emp_finance02,deposit,2025.09,atm,1,2026-05-23 08:31:00,0
TX000672,user01,deposit,8921.63,branch,0,2026-05-24 17:12:00,0
TX000673,emp_finance01,withdrawal,9148.3,wire,2,2026-05-19 14:53:00,0
TX000674,emp_finance02,transfer,2310.62,branch,1,2026-05-31 14:09:00,0
TX000675,user01,withdrawal,8728.07,mobile,0,2026-05-29 14:10:00,0
TX000676,emp_finance01,transfer,6432.23,atm,3,2026-05-20 08:01:00,0
TX000677,emp_finance02,withdrawal,9350.86,mobile,0,2026-05-26 13:53:00,0
TX000678,emp_finance01,payment,8180.96,atm,0,2026-05-29 15:38:00,0
TX000679,emp_finance02,withdrawal,5903.15,atm,1,2026-05-30 14:06:00,0
TX000680,user01,deposit,8884.22,wire,2,2026-05-21 16:07:00,0
TX000681,user01,transfer,7707.26,ach,3,2026-05-21 13:23:00,0
TX000682,analyst,payment,196587.19,atm,9,2026-05-28 00:35:00,1
TX000683,analyst,payment,5488.28,atm,3,2026-06-01 15:58:00,0
TX000684,user01,deposit,213655.08,mobile,8,2026-05-18 01:28:00,1
TX000685,user01,deposit,9169.19,mobile,3,2026-05-18 15:53:00,0
TX000686,emp_finance01,transfer,8759.5,branch,2,2026-05-25 14:44:00,0
TX000687,emp_finance01,transfer,8204.14,branch,2,2026-05-27 11:36:00,0
TX000688,analyst,deposit,5714.24,branch,3,2026-05-20 17:20:00,0
TX000689,emp_finance02,deposit,9240.15,wire,0,2026-05-26 11:23:00,0
TX000690,analyst,withdrawal,7077.04,atm,1,2026-05-18 16:05:00,0
TX000691,user01,withdrawal,8601.55,ach,2,2026-05-30 17:05:00,0
TX000692,emp_finance02,withdrawal,26360.24,atm,13,2026-05-31 01:14:00,1
TX000693,emp_finance02,deposit,3963.46,branch,1,2026-05-19 17:18:00,0
TX000694,user01,deposit,8435.29,mobile,3,2026-05-18 11:15:00,0
TX000695,analyst,payment,22667.12,mobile,9,2026-05-21 00:24:00,1
TX000696,admin,transfer,57044.22,mobile,11,2026-05-23 22:42:00,1
TX000697,emp_finance01,withdrawal,8453.76,atm,1,2026-05-18 13:35:00,0
TX000698,admin,deposit,23192.83,branch,7,2026-05-27 03:45:00,1
TX000699,user01,payment,9467.77,ach,2,2026-05-18 12:27:00,0
TX000700,emp_finance02,deposit,8775.46,mobile,2,2026-05-21 10:31:00,0
TX000701,analyst,transfer,8274.71,wire,1,2026-05-21 12:29:00,0
TX000702,emp_finance02,transfer,35397.96,atm,13,2026-05-31 22:54:00,1
TX000703,admin,withdrawal,222975.49,ach,14,2026-05-19 00:17:00,1
TX000704,analyst,transfer,52.92,atm,0,2026-05-29 14:49:00,0
TX000705,user01,withdrawal,34461.1,mobile,15,2026-05-18 04:06:00,1
TX000706,emp_finance01,payment,33764.8,mobile,10,2026-05-23 00:42:00,1
TX000707,user01,payment,7608.15,mobile,0,2026-05-20 11:41:00,0
TX000708,analyst,transfer,4386.31,mobile,2,2026-05-30 14:15:00,0
TX000709,analyst,payment,9169.24,ach,0,2026-05-28 10:31:00,0
TX000710,analyst,payment,181431.66,ach,13,2026-05-18 22:24:00,1
TX000711,analyst,transfer,8633.8,mobile,1,2026-05-26 17:40:00,0
TX000712,analyst,transfer,7786.71,wire,0,2026-05-28 15:29:00,0
TX000713,emp_finance01,transfer,9026.47,mobile,3,2026-05-28 11:36:00,0
TX000714,admin,transfer,8619.53,ach,2,2026-05-27 17:16:00,0
TX000715,analyst,payment,196805.81,atm,12,2026-06-01 01:05:00,1
TX000716,emp_finance01,payment,9005.39,mobile,1,2026-05-29 13:11:00,0
TX000717,analyst,deposit,162.96,atm,3,2026-05-25 10:44:00,0
TX000718,emp_finance01,withdrawal,8541.09,mobile,0,2026-05-30 12:08:00,0
TX000719,emp_finance02,deposit,5574.34,ach,3,2026-05-22 11:09:00,0
TX000720,emp_finance02,deposit,8695.14,wire,0,2026-05-31 14:10:00,0
TX000721,emp_finance01,transfer,6881.18,wire,3,2026-06-01 12:21:00,0
TX000722,admin,deposit,9105.62,branch,3,2026-05-26 08:31:00,0
TX000723,analyst,deposit,8633.01,mobile,0,2026-05-28 16:57:00,0
TX000724,emp_finance02,deposit,8520.15,atm,1,2026-05-28 08:46:00,0
TX000725,user01,deposit,8881.49,wire,3,2026-05-30 17:56:00,0
TX000726,emp_finance01,deposit,9101.88,branch,1,2026-05-28 10:44:00,0
TX000727,admin,transfer,28242.13,mobile,10,2026-05-29 22:13:00,1
TX000728,user01,deposit,2101.25,mobile,0,2026-05-20 16:04:00,0
TX000729,admin,payment,8336.14,branch,2,2026-05-20 13:02:00,0
TX000730,emp_finance01,transfer,6992.09,ach,3,2026-05-20 08:29:00,0
TX000731,emp_finance01,withdrawal,6869.93,atm,0,2026-05-30 16:40:00,0
TX000732,user01,payment,26570.09,branch,7,2026-05-30 00:41:00,1
TX000733,admin,withdrawal,86387.52,mobile,13,2026-05-27 03:18:00,1
TX000734,emp_finance02,deposit,5727.29,wire,3,2026-05-20 10:14:00,0
TX000735,emp_finance01,transfer,9427.76,mobile,3,2026-05-30 08:49:00,0
TX000736,emp_finance02,transfer,9158.56,ach,3,2026-05-20 08:02:00,0
TX000737,user01,withdrawal,9328.67,wire,2,2026-06-01 13:52:00,0
TX000738,user01,transfer,8816.64,mobile,3,2026-05-20 13:12:00,0
TX000739,admin,payment,3132.15,ach,2,2026-05-29 16:05:00,0
TX000740,admin,transfer,8035.13,mobile,2,2026-05-21 11:27:00,0
TX000741,admin,transfer,2092.86,wire,0,2026-05-25 08:19:00,0
TX000742,admin,withdrawal,1904.06,wire,2,2026-05-28 13:42:00,0
TX000743,analyst,deposit,1996.11,mobile,3,2026-05-31 13:09:00,0
TX000744,admin,deposit,132101.78,ach,7,2026-05-27 22:43:00,1
TX000745,analyst,deposit,9308.02,branch,3,2026-05-21 14:59:00,0
TX000746,emp_finance01,withdrawal,71060.42,wire,14,2026-05-19 00:33:00,1
TX000747,user01,payment,9416.1,mobile,3,2026-05-31 09:07:00,0
TX000748,emp_finance02,withdrawal,8457.39,ach,2,2026-05-25 12:01:00,0
TX000749,analyst,transfer,8457.75,mobile,1,2026-05-19 11:47:00,0
TX000750,user01,deposit,8067.02,wire,2,2026-05-23 17:28:00,0
TX000751,analyst,withdrawal,6672.79,atm,3,2026-05-20 16:28:00,0
TX000752,emp_finance01,deposit,32578.45,atm,12,2026-05-27 03:34:00,1
TX000753,emp_finance01,withdrawal,9060.81,ach,0,2026-05-22 16:35:00,0
TX000754,admin,withdrawal,6065.77,mobile,0,2026-05-31 15:42:00,0
TX000755,emp_finance01,deposit,9244.54,mobile,2,2026-05-26 09:37:00,0
TX000756,emp_finance01,withdrawal,8036.09,atm,2,2026-05-31 14:07:00,0
TX000757,user01,withdrawal,14957.74,mobile,8,2026-06-01 22:39:00,1
TX000758,emp_finance01,transfer,2398.23,branch,2,2026-05-28 14:24:00,0
TX000759,analyst,deposit,8354.74,mobile,2,2026-06-01 09:20:00,0
TX000760,admin,withdrawal,3271.8,atm,0,2026-05-29 12:48:00,0
TX000761,emp_finance02,deposit,3578.94,ach,2,2026-05-24 10:10:00,0
TX000762,analyst,payment,8696.98,ach,0,2026-06-01 10:59:00,0
TX000763,admin,transfer,5446.38,atm,2,2026-06-01 17:10:00,0
TX000764,user01,payment,39406.44,atm,9,2026-05-23 22:32:00,1
TX000765,user01,transfer,8409.52,branch,1,2026-05-25 13:38:00,0
TX000766,analyst,deposit,36.34,ach,3,2026-05-24 10:57:00,0
TX000767,user01,deposit,224727.66,ach,13,2026-05-22 01:07:00,1
TX000768,emp_finance02,deposit,1433.95,mobile,3,2026-05-27 09:59:00,0
TX000769,user01,withdrawal,8421.7,branch,0,2026-05-19 11:39:00,0
TX000770,analyst,transfer,8055.19,atm,1,2026-06-01 17:12:00,0
TX000771,emp_finance02,payment,3962.21,ach,1,2026-05-21 09:04:00,0
TX000772,admin,payment,9093.35,ach,0,2026-05-21 11:43:00,0
TX000773,user01,transfer,35.6,ach,3,2026-05-19 13:26:00,0
TX000774,admin,deposit,2904.55,atm,2,2026-05-18 08:26:00,0
TX000775,emp_finance01,withdrawal,84894.67,branch,9,2026-05-21 00:27:00,1
TX000776,emp_finance01,payment,108715.2,atm,13,2026-05-26 02:51:00,1
TX000777,admin,deposit,3799.14,mobile,1,2026-05-31 13:49:00,0
TX000778,emp_finance01,withdrawal,4639.9,mobile,3,2026-05-27 08:56:00,0
TX000779,admin,transfer,8452.21,atm,0,2026-05-22 09:03:00,0
TX000780,analyst,deposit,8925.95,ach,0,2026-05-25 11:24:00,0
TX000781,emp_finance01,transfer,2730.14,mobile,2,2026-05-23 15:12:00,0
TX000782,user01,payment,559.0,wire,1,2026-05-22 17:32:00,0
TX000783,admin,deposit,4974.39,ach,0,2026-05-30 08:19:00,0
TX000784,user01,payment,6039.9,atm,3,2026-05-28 10:38:00,0
TX000785,admin,transfer,4151.09,wire,1,2026-05-24 08:52:00,0
TX000786,analyst,deposit,7812.56,ach,2,2026-05-29 09:42:00,0
TX000787,emp_finance02,transfer,8849.15,wire,2,2026-05-26 17:21:00,0
TX000788,emp_finance02,withdrawal,7286.13,wire,1,2026-05-25 11:39:00,0
TX000789,emp_finance01,payment,8497.27,mobile,3,2026-05-30 11:52:00,0
TX000790,user01,transfer,15801.25,mobile,9,2026-05-22 22:37:00,1
TX000791,emp_finance02,withdrawal,8328.42,branch,2,2026-05-19 10:35:00,0
TX000792,emp_finance01,payment,217790.69,branch,8,2026-05-26 01:41:00,1
TX000793,emp_finance01,transfer,1936.4,branch,3,2026-05-18 16:45:00,0
TX000794,emp_finance02,transfer,8284.46,ach,2,2026-05-23 13:27:00,0
TX000795,user01,withdrawal,6838.39,ach,1,2026-06-01 13:40:00,0
TX000796,analyst,payment,7088.96,wire,0,2026-05-30 15:32:00,0
TX000797,analyst,transfer,9068.73,branch,3,2026-05-28 15:37:00,0
TX000798,analyst,withdrawal,9294.75,atm,2,2026-05-26 11:56:00,0
TX000799,emp_finance01,deposit,9127.43,ach,2,2026-05-29 15:37:00,0
