log_id,user_id,activity_type,file_path,timestamp,label_anomaly
LOG000000,dev01,Delete,/hr/salaries_2026.xlsx,2026-05-22 02:44:00,1
LOG000001,admin,Modify,/shared/reports/Q1_summary.pdf,2026-05-24 17:27:00,0
LOG000002,analyst,FileCopy,/projects/specs.md|/backup/internal_mirror/report.pdf,2026-05-26 16:11:00,0
LOG000003,user01,Delete,/finance/ledger_gl.db,2026-05-31 01:10:00,1
LOG000004,admin,FileDownload,/intranet/forms/holiday.pdf,2026-05-23 10:32:00,0
LOG000005,user02,Read,/tmp/draft_notes.txt,2026-06-01 14:11:00,0
LOG000006,user02,Read,/shared/reports/Q1_summary.pdf,2026-05-24 12:39:00,0
LOG000007,analyst,FileCopy,/keys/signing_key.pem|C:/Users/Public/unauth_copy.pem,2026-05-27 01:21:00,1
LOG000008,dev01,Read,/shared/reports/Q1_summary.pdf,2026-05-27 15:03:00,0
LOG000009,contractor_x,FileDownload,/intranet/forms/holiday.pdf,2026-05-22 13:38:00,0
LOG000010,analyst,Modify,/keys/signing_key.pem,2026-05-27 01:45:00,1
LOG000011,admin,Modify,/shared/reports/Q1_summary.pdf,2026-05-27 14:08:00,0
LOG000012,dev01,Modify,/projects/specs.md,2026-05-31 10:44:00,0
LOG000013,admin,Read,/shared/reports/Q1_summary.pdf,2026-05-31 17:57:00,0
LOG000014,user01,FileDownload,/intranet/forms/holiday.pdf,2026-05-27 10:07:00,0
LOG000015,admin,FileCopy,/tmp/draft_notes.txt|/backup/internal_mirror/report.pdf,2026-05-25 12:53:00,0
LOG000016,admin,FileDownload,/intranet/forms/holiday.pdf,2026-05-31 09:45:00,0
LOG000017,dev01,FileDownload,/vault/confidential_bundle.zip,2026-05-28 23:38:00,1
LOG000018,contractor_x,Read,/shared/reports/Q1_summary.pdf,2026-05-24 14:11:00,0
LOG000019,user02,Delete,/projects/specs.md,2026-05-29 08:22:00,0
LOG000020,user02,Delete,/finance/ledger_gl.db,2026-06-01 23:29:00,1
LOG000021,user01,Read,/tmp/draft_notes.txt,2026-05-24 08:56:00,0
LOG000022,analyst,Modify,/projects/specs.md,2026-05-29 09:08:00,0
LOG000023,admin,Read,/shared/reports/Q1_summary.pdf,2026-05-29 10:07:00,0
LOG000024,admin,Create,/shared/reports/Q1_summary.pdf,2026-06-01 11:11:00,0
LOG000025,contractor_x,Read,/shared/reports/Q1_summary.pdf,2026-05-24 13:36:00,0
LOG000026,user02,FileDownload,/exports/customer_data.zip,2026-05-31 02:17:00,1
LOG000027,contractor_x,Modify,/projects/specs.md,2026-05-30 09:20:00,0
LOG000028,dev01,Modify,/tmp/draft_notes.txt,2026-05-30 11:18:00,0
LOG000029,admin,FileDownload,/intranet/forms/holiday.pdf,2026-05-25 12:19:00,0
LOG000030,dev01,Modify,/tmp/draft_notes.txt,2026-05-23 16:27:00,0
LOG000031,analyst,Read,/tmp/draft_notes.txt,2026-05-22 17:46:00,0
LOG000032,analyst,Delete,/tmp/draft_notes.txt,2026-05-31 08:57:00,0
LOG000033,dev01,Read,/shared/reports/Q1_summary.pdf,2026-05-23 11:50:00,0
LOG000034,analyst,Read,/projects/specs.md,2026-05-25 08:26:00,0
LOG000035,contractor_x,Create,/projects/specs.md,2026-05-25 15:08:00,0
LOG000036,contractor_x,Modify,/hr/salaries_2026.xlsx,2026-05-31 03:50:00,1
LOG000037,admin,Read,/shared/reports/Q1_summary.pdf,2026-05-29 13:50:00,0
LOG000038,contractor_x,FileCopy,/shared/reports/Q1_summary.pdf|/backup/internal_mirror/report.pdf,2026-05-23 12:18:00,0
LOG000039,user01,Read,/shared/reports/Q1_summary.pdf,2026-05-30 10:13:00,0
LOG000040,dev01,Modify,/keys/signing_key.pem,2026-05-26 02:58:00,1
LOG000041,contractor_x,FileCopy,/tmp/draft_notes.txt|/backup/internal_mirror/report.pdf,2026-05-27 09:08:00,0
LOG000042,admin,Modify,/secure/vault/customer_pii.csv,2026-05-30 03:36:00,1
LOG000043,admin,Create,/projects/specs.md,2026-05-22 08:29:00,0
LOG000044,analyst,Read,/tmp/draft_notes.txt,2026-05-25 09:30:00,0
LOG000045,contractor_x,Delete,/shared/reports/Q1_summary.pdf,2026-05-25 09:44:00,0
LOG000046,dev01,Delete,/finance/ledger_gl.db,2026-05-30 23:22:00,1
LOG000047,contractor_x,FileCopy,/secure/vault/customer_pii.csv|C:/Users/Public/unauth_copy.pem,2026-05-27 03:11:00,1
LOG000048,contractor_x,Modify,/secure/vault/customer_pii.csv,2026-05-26 02:29:00,1
LOG000049,dev01,FileDownload,/exports/customer_data.zip,2026-05-29 01:39:00,1
LOG000050,user01,FileCopy,/secure/vault/customer_pii.csv|D:/USB_STICK/exfil_copy.csv,2026-05-28 23:01:00,1
LOG000051,analyst,Modify,/hr/salaries_2026.xlsx,2026-05-26 02:38:00,1
LOG000052,user02,Delete,/keys/signing_key.pem,2026-05-22 03:45:00,1
LOG000053,dev01,Create,/tmp/draft_notes.txt,2026-05-29 13:28:00,0
LOG000054,admin,Modify,/shared/reports/Q1_summary.pdf,2026-05-25 08:02:00,0
LOG000055,user02,Read,/shared/reports/Q1_summary.pdf,2026-05-25 09:06:00,0
LOG000056,dev01,Delete,/finance/ledger_gl.db,2026-05-25 03:48:00,1
LOG000057,user02,Create,/projects/specs.md,2026-05-31 13:08:00,0
LOG000058,analyst,FileCopy,/keys/signing_key.pem|D:/USB_STICK/exfil_copy.csv,2026-05-22 01:04:00,1
LOG000059,dev01,Delete,/secure/vault/customer_pii.csv,2026-05-27 01:44:00,1
LOG000060,contractor_x,Read,/projects/specs.md,2026-05-24 13:01:00,0
LOG000061,dev01,Read,/shared/reports/Q1_summary.pdf,2026-06-01 09:01:00,0
LOG000062,contractor_x,Read,/projects/specs.md,2026-05-25 16:19:00,0
LOG000063,dev01,Modify,/hr/salaries_2026.xlsx,2026-05-27 23:05:00,1
LOG000064,dev01,Modify,/projects/specs.md,2026-05-27 11:23:00,0
LOG000065,contractor_x,Modify,/tmp/draft_notes.txt,2026-05-30 09:57:00,0
LOG000066,admin,Delete,/finance/ledger_gl.db,2026-05-29 23:42:00,1
LOG000067,contractor_x,Modify,/projects/specs.md,2026-05-31 12:20:00,0
LOG000068,user01,Modify,/tmp/draft_notes.txt,2026-05-25 17:48:00,0
LOG000069,admin,FileDownload,/intranet/forms/holiday.pdf,2026-05-22 12:51:00,0
LOG000070,admin,Read,/shared/reports/Q1_summary.pdf,2026-05-30 08:18:00,0
LOG000071,contractor_x,FileDownload,/vault/confidential_bundle.zip,2026-05-26 03:37:00,1
LOG000072,dev01,Modify,/hr/salaries_2026.xlsx,2026-05-23 02:46:00,1
LOG000073,analyst,FileCopy,/shared/reports/Q1_summary.pdf|/backup/internal_mirror/report.pdf,2026-05-28 16:45:00,0
LOG000074,user01,FileCopy,/projects/specs.md|/backup/internal_mirror/report.pdf,2026-05-28 15:09:00,0
LOG000075,user01,Read,/shared/reports/Q1_summary.pdf,2026-05-23 09:28:00,0
LOG000076,user01,Read,/projects/specs.md,2026-05-24 10:45:00,0
LOG000077,user02,FileCopy,/projects/specs.md|/backup/internal_mirror/report.pdf,2026-05-31 16:23:00,0
LOG000078,dev01,FileCopy,/tmp/draft_notes.txt|/backup/internal_mirror/report.pdf,2026-05-25 13:37:00,0
LOG000079,user01,FileDownload,/vault/confidential_bundle.zip,2026-05-26 02:18:00,1
LOG000080,user01,Read,/projects/specs.md,2026-05-23 14:44:00,0
LOG000081,analyst,FileCopy,/projects/specs.md|/backup/internal_mirror/report.pdf,2026-05-27 17:53:00,0
LOG000082,analyst,Read,/shared/reports/Q1_summary.pdf,2026-05-30 08:57:00,0
LOG000083,user01,FileCopy,/projects/specs.md|/backup/internal_mirror/report.pdf,2026-05-22 16:00:00,0
LOG000084,contractor_x,Read,/shared/reports/Q1_summary.pdf,2026-05-26 16:35:00,0
LOG000085,admin,Read,/shared/reports/Q1_summary.pdf,2026-05-27 13:14:00,0
LOG000086,user01,Read,/shared/reports/Q1_summary.pdf,2026-05-25 12:44:00,0
LOG000087,admin,Read,/projects/specs.md,2026-05-29 08:18:00,0
LOG000088,analyst,Modify,/secure/vault/customer_pii.csv,2026-06-01 01:30:00,1
LOG000089,user01,Delete,/shared/reports/Q1_summary.pdf,2026-05-23 11:27:00,0
LOG000090,user01,Read,/projects/specs.md,2026-06-01 16:28:00,0
LOG000091,user02,Delete,/keys/signing_key.pem,2026-05-24 03:43:00,1
LOG000092,contractor_x,FileCopy,/shared/reports/Q1_summary.pdf|/backup/internal_mirror/report.pdf,2026-05-26 13:19:00,0
LOG000093,contractor_x,Create,/tmp/draft_notes.txt,2026-05-31 17:48:00,0
LOG000094,analyst,Read,/projects/specs.md,2026-05-28 08:12:00,0
LOG000095,user02,Modify,/shared/reports/Q1_summary.pdf,2026-05-27 17:59:00,0
LOG000096,user01,Read,/shared/reports/Q1_summary.pdf,2026-05-24 15:20:00,0
LOG000097,user02,Create,/projects/specs.md,2026-05-24 15:03:00,0
LOG000098,dev01,Delete,/secure/vault/customer_pii.csv,2026-05-22 01:18:00,1
LOG000099,dev01,Read,/projects/specs.md,2026-05-29 15:16:00,0
LOG000100,admin,FileCopy,/tmp/draft_notes.txt|/backup/internal_mirror/report.pdf,2026-05-27 16:46:00,0
LOG000101,analyst,Read,/projects/specs.md,2026-05-27 14:40:00,0
LOG000102,analyst,Delete,/secure/vault/customer_pii.csv,2026-05-23 23:10:00,1
LOG000103,analyst,Read,/tmp/draft_notes.txt,2026-05-28 14:58:00,0
LOG000104,user02,Delete,/finance/ledger_gl.db,2026-05-26 01:29:00,1
LOG000105,user02,FileCopy,/projects/specs.md|/backup/internal_mirror/report.pdf,2026-05-24 10:13:00,0
LOG000106,user02,FileCopy,/secure/vault/customer_pii.csv|D:/USB_STICK/exfil_copy.csv,2026-05-28 03:16:00,1
LOG000107,admin,Modify,/projects/specs.md,2026-05-27 12:02:00,0
LOG000108,user01,FileDownload,/intranet/forms/holiday.pdf,2026-05-31 08:44:00,0
LOG000109,contractor_x,Read,/projects/specs.md,2026-05-26 17:50:00,0
LOG000110,user01,FileCopy,/projects/specs.md|/backup/internal_mirror/report.pdf,2026-05-23 09:39:00,0
LOG000111,user02,Read,/projects/specs.md,2026-06-01 16:17:00,0
LOG000112,dev01,FileDownload,/vault/confidential_bundle.zip,2026-05-23 01:13:00,1
LOG000113,admin,Create,/projects/specs.md,2026-05-25 17:16:00,0
LOG000114,dev01,Read,/projects/specs.md,2026-05-26 17:20:00,0
LOG000115,user02,Delete,/secure/vault/customer_pii.csv,2026-05-23 23:09:00,1
LOG000116,dev01,FileDownload,/intranet/forms/holiday.pdf,2026-05-27 17:24:00,0
LOG000117,user01,FileCopy,/secure/vault/customer_pii.csv|/mnt/usb/backup_leak.zip,2026-06-01 02:37:00,1
LOG000118,dev01,FileDownload,/exports/customer_data.zip,2026-05-28 03:07:00,1
LOG000119,user01,Create,/projects/specs.md,2026-05-29 12:45:00,0
LOG000120,dev01,FileCopy,/projects/specs.md|/backup/internal_mirror/report.pdf,2026-05-22 10:15:00,0
LOG000121,user01,Read,/shared/reports/Q1_summary.pdf,2026-06-01 08:21:00,0
LOG000122,dev01,Delete,/hr/salaries_2026.xlsx,2026-05-24 02:37:00,1
LOG000123,user01,FileCopy,/keys/signing_key.pem|C:/Users/Public/unauth_copy.pem,2026-05-25 03:19:00,1
LOG000124,user01,FileDownload,/intranet/forms/holiday.pdf,2026-05-29 12:56:00,0
LOG000125,admin,Read,/shared/reports/Q1_summary.pdf,2026-05-25 14:00:00,0
LOG000126,admin,Read,/tmp/draft_notes.txt,2026-05-27 15:48:00,0
LOG000127,admin,Read,/tmp/draft_notes.txt,2026-05-25 14:53:00,0
LOG000128,dev01,Modify,/projects/specs.md,2026-05-23 08:52:00,0
LOG000129,user01,Read,/projects/specs.md,2026-05-25 09:57:00,0
LOG000130,analyst,Read,/tmp/draft_notes.txt,2026-05-27 11:20:00,0
LOG000131,dev01,FileDownload,/intranet/forms/holiday.pdf,2026-06-01 17:57:00,0
LOG000132,contractor_x,FileDownload,/exports/customer_data.zip,2026-05-22 23:52:00,1
LOG000133,user01,Read,/shared/reports/Q1_summary.pdf,2026-05-27 08:36:00,0
LOG000134,user01,Modify,/tmp/draft_notes.txt,2026-05-24 12:53:00,0
LOG000135,dev01,FileCopy,/tmp/draft_notes.txt|/backup/internal_mirror/report.pdf,2026-05-24 09:27:00,0
LOG000136,contractor_x,Read,/projects/specs.md,2026-05-24 08:04:00,0
LOG000137,admin,Read,/tmp/draft_notes.txt,2026-05-31 10:28:00,0
LOG000138,analyst,FileCopy,/keys/signing_key.pem|D:/USB_STICK/exfil_copy.csv,2026-05-23 01:15:00,1
LOG000139,user01,Read,/projects/specs.md,2026-05-30 08:03:00,0
LOG000140,user02,Modify,/projects/specs.md,2026-05-29 12:05:00,0
LOG000141,user02,Read,/tmp/draft_notes.txt,2026-05-22 16:10:00,0
LOG000142,dev01,Read,/projects/specs.md,2026-05-31 16:53:00,0
LOG000143,admin,Read,/projects/specs.md,2026-05-22 17:25:00,0
LOG000144,contractor_x,Read,/shared/reports/Q1_summary.pdf,2026-05-25 12:22:00,0
LOG000145,admin,Modify,/secure/vault/customer_pii.csv,2026-05-25 03:37:00,1
LOG000146,analyst,Create,/shared/reports/Q1_summary.pdf,2026-05-27 16:34:00,0
LOG000147,user02,Read,/projects/specs.md,2026-05-23 14:48:00,0
LOG000148,analyst,Read,/tmp/draft_notes.txt,2026-05-28 08:37:00,0
LOG000149,user02,FileCopy,/keys/signing_key.pem|/mnt/usb/backup_leak.zip,2026-05-25 02:52:00,1
LOG000150,admin,FileCopy,/shared/reports/Q1_summary.pdf|/backup/internal_mirror/report.pdf,2026-05-31 09:38:00,0
LOG000151,dev01,Delete,/secure/vault/customer_pii.csv,2026-05-25 02:26:00,1
LOG000152,user02,Read,/shared/reports/Q1_summary.pdf,2026-05-28 08:20:00,0
LOG000153,user01,Read,/projects/specs.md,2026-05-24 11:03:00,0
LOG000154,user01,Read,/projects/specs.md,2026-05-27 12:22:00,0
LOG000155,user02,Create,/projects/specs.md,2026-05-27 15:29:00,0
LOG000156,dev01,FileDownload,/vault/confidential_bundle.zip,2026-05-28 03:57:00,1
LOG000157,user01,Read,/tmp/draft_notes.txt,2026-05-22 14:34:00,0
LOG000158,user02,Delete,/hr/salaries_2026.xlsx,2026-05-31 23:50:00,1
LOG000159,user01,Read,/tmp/draft_notes.txt,2026-05-25 09:51:00,0
LOG000160,user01,Delete,/secure/vault/customer_pii.csv,2026-05-28 23:46:00,1
LOG000161,user01,Create,/tmp/draft_notes.txt,2026-05-30 13:22:00,0
LOG000162,user02,Create,/tmp/draft_notes.txt,2026-05-26 11:35:00,0
LOG000163,analyst,Modify,/tmp/draft_notes.txt,2026-05-28 16:30:00,0
LOG000164,contractor_x,Delete,/projects/specs.md,2026-06-01 16:57:00,0
LOG000165,contractor_x,FileCopy,/finance/ledger_gl.db|D:/USB_STICK/exfil_copy.csv,2026-05-24 03:28:00,1
LOG000166,contractor_x,Modify,/secure/vault/customer_pii.csv,2026-05-22 23:15:00,1
LOG000167,admin,FileCopy,/projects/specs.md|/backup/internal_mirror/report.pdf,2026-05-25 13:47:00,0
LOG000168,user01,Modify,/tmp/draft_notes.txt,2026-05-22 09:44:00,0
LOG000169,contractor_x,FileCopy,/projects/specs.md|/backup/internal_mirror/report.pdf,2026-06-01 13:49:00,0
LOG000170,user01,FileDownload,/exports/customer_data.zip,2026-05-25 01:57:00,1
LOG000171,dev01,Read,/tmp/draft_notes.txt,2026-05-22 14:05:00,0
LOG000172,dev01,FileCopy,/shared/reports/Q1_summary.pdf|/backup/internal_mirror/report.pdf,2026-05-28 12:08:00,0
LOG000173,contractor_x,Read,/tmp/draft_notes.txt,2026-05-26 11:40:00,0
LOG000174,analyst,Read,/tmp/draft_notes.txt,2026-05-29 11:59:00,0
LOG000175,user02,FileDownload,/intranet/forms/holiday.pdf,2026-05-27 13:50:00,0
LOG000176,dev01,FileCopy,/keys/signing_key.pem|/mnt/usb/backup_leak.zip,2026-05-29 01:05:00,1
LOG000177,user02,FileDownload,/vault/confidential_bundle.zip,2026-05-23 23:19:00,1
LOG000178,contractor_x,FileDownload,/intranet/forms/holiday.pdf,2026-05-24 10:29:00,0
LOG000179,dev01,Read,/projects/specs.md,2026-05-23 10:47:00,0
LOG000180,dev01,Read,/projects/specs.md,2026-05-25 16:58:00,0
LOG000181,analyst,Create,/projects/specs.md,2026-05-26 16:34:00,0
LOG000182,contractor_x,Create,/shared/reports/Q1_summary.pdf,2026-05-22 13:06:00,0
LOG000183,admin,FileDownload,/intranet/forms/holiday.pdf,2026-05-26 08:48:00,0
LOG000184,contractor_x,FileCopy,/keys/signing_key.pem|C:/Users/Public/unauth_copy.pem,2026-05-27 03:46:00,1
LOG000185,user02,FileDownload,/intranet/forms/holiday.pdf,2026-05-28 10:47:00,0
LOG000186,contractor_x,Create,/tmp/draft_notes.txt,2026-05-30 15:48:00,0
LOG000187,admin,Create,/projects/specs.md,2026-06-01 17:15:00,0
LOG000188,user02,Modify,/shared/reports/Q1_summary.pdf,2026-05-29 16:51:00,0
LOG000189,user01,Modify,/hr/salaries_2026.xlsx,2026-05-26 03:10:00,1
LOG000190,user02,Modify,/keys/signing_key.pem,2026-05-27 23:48:00,1
LOG000191,analyst,Delete,/tmp/draft_notes.txt,2026-05-24 15:42:00,0
LOG000192,dev01,Modify,/shared/reports/Q1_summary.pdf,2026-05-30 16:23:00,0
LOG000193,dev01,FileDownload,/vault/confidential_bundle.zip,2026-05-24 03:18:00,1
LOG000194,analyst,FileDownload,/vault/confidential_bundle.zip,2026-06-01 03:12:00,1
LOG000195,contractor_x,Modify,/tmp/draft_notes.txt,2026-05-27 17:46:00,0
LOG000196,contractor_x,Create,/projects/specs.md,2026-06-01 17:56:00,0
LOG000197,contractor_x,FileCopy,/keys/signing_key.pem|C:/Users/Public/unauth_copy.pem,2026-05-29 03:12:00,1
LOG000198,analyst,Read,/tmp/draft_notes.txt,2026-05-23 16:48:00,0
LOG000199,analyst,Read,/tmp/draft_notes.txt,2026-05-22 10:03:00,0
LOG000200,user01,Create,/tmp/draft_notes.txt,2026-05-28 14:55:00,0
LOG000201,dev01,Create,/shared/reports/Q1_summary.pdf,2026-05-23 08:41:00,0
LOG000202,analyst,Create,/shared/reports/Q1_summary.pdf,2026-05-24 15:11:00,0
LOG000203,analyst,FileDownload,/exports/customer_data.zip,2026-05-25 23:08:00,1
LOG000204,analyst,Delete,/tmp/draft_notes.txt,2026-05-24 12:45:00,0
LOG000205,user02,Read,/shared/reports/Q1_summary.pdf,2026-06-01 09:35:00,0
LOG000206,user02,FileCopy,/tmp/draft_notes.txt|/backup/internal_mirror/report.pdf,2026-05-29 10:41:00,0
LOG000207,analyst,FileCopy,/finance/ledger_gl.db|D:/USB_STICK/exfil_copy.csv,2026-05-30 01:05:00,1
LOG000208,dev01,Create,/projects/specs.md,2026-05-22 15:23:00,0
LOG000209,user01,Modify,/projects/specs.md,2026-05-28 16:09:00,0
LOG000210,user02,FileDownload,/vault/confidential_bundle.zip,2026-05-23 23:33:00,1
LOG000211,contractor_x,Modify,/hr/salaries_2026.xlsx,2026-05-25 23:48:00,1
LOG000212,dev01,FileDownload,/vault/confidential_bundle.zip,2026-05-22 01:39:00,1
LOG000213,dev01,FileDownload,/intranet/forms/holiday.pdf,2026-05-26 15:20:00,0
LOG000214,dev01,FileCopy,/projects/specs.md|/backup/internal_mirror/report.pdf,2026-05-27 16:04:00,0
LOG000215,admin,FileCopy,/shared/reports/Q1_summary.pdf|/backup/internal_mirror/report.pdf,2026-05-28 16:54:00,0
LOG000216,admin,FileCopy,/tmp/draft_notes.txt|/backup/internal_mirror/report.pdf,2026-05-25 17:16:00,0
LOG000217,contractor_x,FileCopy,/shared/reports/Q1_summary.pdf|/backup/internal_mirror/report.pdf,2026-05-28 15:25:00,0
LOG000218,analyst,Read,/shared/reports/Q1_summary.pdf,2026-05-23 11:54:00,0
LOG000219,user02,Read,/shared/reports/Q1_summary.pdf,2026-05-26 11:37:00,0
LOG000220,contractor_x,Delete,/hr/salaries_2026.xlsx,2026-05-31 02:18:00,1
LOG000221,contractor_x,Modify,/hr/salaries_2026.xlsx,2026-05-23 23:24:00,1
LOG000222,user02,Create,/shared/reports/Q1_summary.pdf,2026-05-29 12:10:00,0
LOG000223,admin,Read,/tmp/draft_notes.txt,2026-05-28 12:35:00,0
LOG000224,user02,Modify,/tmp/draft_notes.txt,2026-05-25 10:53:00,0
LOG000225,dev01,Create,/projects/specs.md,2026-05-22 17:07:00,0
LOG000226,admin,Create,/projects/specs.md,2026-05-24 13:29:00,0
LOG000227,dev01,Modify,/shared/reports/Q1_summary.pdf,2026-05-31 12:17:00,0
LOG000228,admin,Create,/tmp/draft_notes.txt,2026-05-27 10:32:00,0
LOG000229,contractor_x,Delete,/tmp/draft_notes.txt,2026-05-27 14:48:00,0
LOG000230,contractor_x,FileDownload,/exports/customer_data.zip,2026-05-24 03:29:00,1
LOG000231,user01,Modify,/hr/salaries_2026.xlsx,2026-05-29 01:51:00,1
LOG000232,user02,Read,/tmp/draft_notes.txt,2026-05-25 15:31:00,0
LOG000233,analyst,FileDownload,/intranet/forms/holiday.pdf,2026-05-31 09:55:00,0
LOG000234,admin,FileCopy,/projects/specs.md|/backup/internal_mirror/report.pdf,2026-06-01 11:04:00,0
LOG000235,user01,FileCopy,/hr/salaries_2026.xlsx|/mnt/usb/backup_leak.zip,2026-05-26 01:16:00,1
LOG000236,admin,Read,/tmp/draft_notes.txt,2026-05-22 17:53:00,0
LOG000237,user01,Modify,/secure/vault/customer_pii.csv,2026-05-28 03:31:00,1
LOG000238,analyst,FileDownload,/intranet/forms/holiday.pdf,2026-05-30 14:19:00,0
LOG000239,admin,Read,/tmp/draft_notes.txt,2026-05-24 10:36:00,0
LOG000240,dev01,FileDownload,/intranet/forms/holiday.pdf,2026-05-25 12:00:00,0
LOG000241,contractor_x,Modify,/shared/reports/Q1_summary.pdf,2026-05-30 15:22:00,0
LOG000242,user01,Read,/projects/specs.md,2026-05-22 16:00:00,0
LOG000243,user02,FileDownload,/intranet/forms/holiday.pdf,2026-05-28 17:17:00,0
LOG000244,user01,Read,/projects/specs.md,2026-05-30 15:53:00,0
LOG000245,dev01,Create,/tmp/draft_notes.txt,2026-05-29 15:23:00,0
LOG000246,user01,FileCopy,/tmp/draft_notes.txt|/backup/internal_mirror/report.pdf,2026-05-24 08:11:00,0
LOG000247,analyst,Create,/tmp/draft_notes.txt,2026-05-24 17:02:00,0
LOG000248,analyst,Read,/tmp/draft_notes.txt,2026-05-31 11:36:00,0
LOG000249,admin,Delete,/tmp/draft_notes.txt,2026-05-22 08:13:00,0
LOG000250,user02,FileCopy,/projects/specs.md|/backup/internal_mirror/report.pdf,2026-05-28 13:22:00,0
LOG000251,user02,Read,/projects/specs.md,2026-05-30 10:02:00,0
LOG000252,user02,Delete,/secure/vault/customer_pii.csv,2026-06-01 03:50:00,1
LOG000253,dev01,Delete,/shared/reports/Q1_summary.pdf,2026-05-30 11:30:00,0
LOG000254,user02,FileDownload,/intranet/forms/holiday.pdf,2026-05-27 11:02:00,0
LOG000255,dev01,Create,/tmp/draft_notes.txt,2026-05-30 11:09:00,0
LOG000256,dev01,FileCopy,/projects/specs.md|/backup/internal_mirror/report.pdf,2026-05-29 16:26:00,0
LOG000257,user01,Read,/projects/specs.md,2026-05-25 10:35:00,0
LOG000258,analyst,Create,/tmp/draft_notes.txt,2026-05-24 12:25:00,0
LOG000259,admin,FileCopy,/tmp/draft_notes.txt|/backup/internal_mirror/report.pdf,2026-05-29 15:06:00,0
LOG000260,dev01,Modify,/tmp/draft_notes.txt,2026-05-23 14:11:00,0
LOG000261,contractor_x,Create,/tmp/draft_notes.txt,2026-05-27 16:13:00,0
LOG000262,dev01,Read,/shared/reports/Q1_summary.pdf,2026-05-23 11:31:00,0
LOG000263,user02,FileDownload,/vault/confidential_bundle.zip,2026-05-24 23:52:00,1
LOG000264,dev01,Read,/projects/specs.md,2026-05-31 15:49:00,0
LOG000265,dev01,FileDownload,/intranet/forms/holiday.pdf,2026-05-25 08:02:00,0
LOG000266,analyst,Read,/shared/reports/Q1_summary.pdf,2026-05-28 10:08:00,0
LOG000267,user02,Delete,/projects/specs.md,2026-05-26 08:22:00,0
LOG000268,user02,FileCopy,/shared/reports/Q1_summary.pdf|/backup/internal_mirror/report.pdf,2026-05-22 13:32:00,0
LOG000269,user01,FileCopy,/projects/specs.md|/backup/internal_mirror/report.pdf,2026-05-31 08:39:00,0
LOG000270,user01,Modify,/shared/reports/Q1_summary.pdf,2026-05-30 13:36:00,0
LOG000271,dev01,FileCopy,/shared/reports/Q1_summary.pdf|/backup/internal_mirror/report.pdf,2026-05-31 09:24:00,0
LOG000272,user02,Modify,/projects/specs.md,2026-05-30 15:37:00,0
LOG000273,contractor_x,Modify,/projects/specs.md,2026-05-30 13:35:00,0
LOG000274,contractor_x,FileDownload,/intranet/forms/holiday.pdf,2026-05-31 17:25:00,0
LOG000275,analyst,FileCopy,/shared/reports/Q1_summary.pdf|/backup/internal_mirror/report.pdf,2026-05-28 16:47:00,0
LOG000276,analyst,Modify,/projects/specs.md,2026-05-23 12:04:00,0
LOG000277,contractor_x,FileDownload,/intranet/forms/holiday.pdf,2026-05-22 08:43:00,0
LOG000278,user01,Read,/shared/reports/Q1_summary.pdf,2026-05-26 17:57:00,0
LOG000279,dev01,Read,/shared/reports/Q1_summary.pdf,2026-05-25 16:15:00,0
LOG000280,user01,Delete,/keys/signing_key.pem,2026-05-24 02:05:00,1
LOG000281,contractor_x,Read,/tmp/draft_notes.txt,2026-05-24 13:54:00,0
LOG000282,analyst,Delete,/finance/ledger_gl.db,2026-05-31 01:45:00,1
LOG000283,analyst,Modify,/shared/reports/Q1_summary.pdf,2026-05-28 11:41:00,0
LOG000284,analyst,FileCopy,/tmp/draft_notes.txt|/backup/internal_mirror/report.pdf,2026-05-26 14:02:00,0
LOG000285,analyst,Read,/tmp/draft_notes.txt,2026-05-24 15:47:00,0
LOG000286,admin,Read,/shared/reports/Q1_summary.pdf,2026-05-25 08:34:00,0
LOG000287,analyst,Read,/tmp/draft_notes.txt,2026-05-31 15:08:00,0
LOG000288,user02,Read,/shared/reports/Q1_summary.pdf,2026-05-28 13:18:00,0
LOG000289,admin,Read,/shared/reports/Q1_summary.pdf,2026-05-23 08:44:00,0
LOG000290,admin,Modify,/shared/reports/Q1_summary.pdf,2026-05-30 17:35:00,0
LOG000291,analyst,Create,/projects/specs.md,2026-05-29 14:59:00,0
LOG000292,analyst,Delete,/hr/salaries_2026.xlsx,2026-05-27 02:20:00,1
LOG000293,admin,FileDownload,/intranet/forms/holiday.pdf,2026-05-31 12:37:00,0
LOG000294,user02,Read,/tmp/draft_notes.txt,2026-05-27 16:23:00,0
LOG000295,contractor_x,FileCopy,/projects/specs.md|/backup/internal_mirror/report.pdf,2026-05-31 08:47:00,0
LOG000296,admin,Create,/shared/reports/Q1_summary.pdf,2026-06-01 17:39:00,0
LOG000297,user01,FileCopy,/secure/vault/customer_pii.csv|C:/Users/Public/unauth_copy.pem,2026-05-24 02:54:00,1
LOG000298,admin,FileCopy,/finance/ledger_gl.db|D:/USB_STICK/exfil_copy.csv,2026-05-25 03:54:00,1
LOG000299,analyst,Create,/projects/specs.md,2026-05-23 08:38:00,0
LOG000300,contractor_x,Modify,/projects/specs.md,2026-05-31 15:21:00,0
LOG000301,user02,Create,/shared/reports/Q1_summary.pdf,2026-05-28 10:30:00,0
LOG000302,admin,Delete,/tmp/draft_notes.txt,2026-05-29 16:58:00,0
LOG000303,user01,FileDownload,/vault/confidential_bundle.zip,2026-05-29 03:40:00,1
LOG000304,user01,FileCopy,/projects/specs.md|/backup/internal_mirror/report.pdf,2026-05-28 08:58:00,0
LOG000305,contractor_x,Create,/projects/specs.md,2026-05-27 16:27:00,0
LOG000306,dev01,Read,/projects/specs.md,2026-05-22 12:01:00,0
LOG000307,admin,Modify,/tmp/draft_notes.txt,2026-05-28 16:51:00,0
LOG000308,contractor_x,Modify,/projects/specs.md,2026-05-22 12:07:00,0
LOG000309,admin,Read,/projects/specs.md,2026-06-01 17:20:00,0
LOG000310,contractor_x,Read,/tmp/draft_notes.txt,2026-05-25 10:19:00,0
LOG000311,contractor_x,Modify,/projects/specs.md,2026-05-25 12:20:00,0
LOG000312,admin,FileDownload,/intranet/forms/holiday.pdf,2026-05-23 09:58:00,0
LOG000313,analyst,FileDownload,/intranet/forms/holiday.pdf,2026-05-27 12:59:00,0
LOG000314,user01,FileDownload,/intranet/forms/holiday.pdf,2026-05-31 15:07:00,0
LOG000315,dev01,FileCopy,/finance/ledger_gl.db|/mnt/usb/backup_leak.zip,2026-05-31 03:33:00,1
LOG000316,user01,Create,/shared/reports/Q1_summary.pdf,2026-05-24 17:42:00,0
LOG000317,contractor_x,FileCopy,/projects/specs.md|/backup/internal_mirror/report.pdf,2026-05-28 17:48:00,0
LOG000318,user01,Read,/projects/specs.md,2026-05-30 16:18:00,0
LOG000319,admin,FileDownload,/exports/customer_data.zip,2026-05-31 02:11:00,1
LOG000320,dev01,Modify,/secure/vault/customer_pii.csv,2026-05-24 03:14:00,1
LOG000321,dev01,Read,/tmp/draft_notes.txt,2026-05-23 10:38:00,0
LOG000322,admin,Create,/projects/specs.md,2026-05-26 16:16:00,0
LOG000323,contractor_x,FileDownload,/intranet/forms/holiday.pdf,2026-05-26 14:41:00,0
LOG000324,user02,Modify,/keys/signing_key.pem,2026-05-28 03:05:00,1
LOG000325,user01,Read,/tmp/draft_notes.txt,2026-05-25 09:06:00,0
LOG000326,contractor_x,Modify,/projects/specs.md,2026-05-24 16:30:00,0
LOG000327,dev01,Delete,/keys/signing_key.pem,2026-06-01 03:24:00,1
LOG000328,dev01,Modify,/shared/reports/Q1_summary.pdf,2026-05-30 09:51:00,0
LOG000329,contractor_x,Create,/tmp/draft_notes.txt,2026-05-26 08:57:00,0
LOG000330,contractor_x,Delete,/finance/ledger_gl.db,2026-05-30 03:29:00,1
LOG000331,admin,Modify,/hr/salaries_2026.xlsx,2026-05-28 23:08:00,1
LOG000332,dev01,FileCopy,/shared/reports/Q1_summary.pdf|/backup/internal_mirror/report.pdf,2026-05-26 08:19:00,0
LOG000333,contractor_x,Modify,/finance/ledger_gl.db,2026-05-26 23:45:00,1
LOG000334,user01,Delete,/shared/reports/Q1_summary.pdf,2026-05-30 09:16:00,0
LOG000335,dev01,FileCopy,/tmp/draft_notes.txt|/backup/internal_mirror/report.pdf,2026-05-30 10:23:00,0
LOG000336,analyst,Delete,/tmp/draft_notes.txt,2026-05-27 11:36:00,0
LOG000337,dev01,Modify,/secure/vault/customer_pii.csv,2026-05-30 23:10:00,1
LOG000338,dev01,FileDownload,/intranet/forms/holiday.pdf,2026-05-29 17:30:00,0
LOG000339,analyst,FileDownload,/intranet/forms/holiday.pdf,2026-05-26 13:00:00,0
LOG000340,contractor_x,Create,/shared/reports/Q1_summary.pdf,2026-05-25 13:12:00,0
LOG000341,admin,Create,/projects/specs.md,2026-05-30 15:32:00,0
LOG000342,user01,FileCopy,/keys/signing_key.pem|D:/USB_STICK/exfil_copy.csv,2026-05-29 23:43:00,1
LOG000343,dev01,Read,/shared/reports/Q1_summary.pdf,2026-05-25 13:58:00,0
LOG000344,contractor_x,Read,/projects/specs.md,2026-05-24 17:41:00,0
LOG000345,user02,Read,/shared/reports/Q1_summary.pdf,2026-05-23 16:20:00,0
LOG000346,contractor_x,Read,/tmp/draft_notes.txt,2026-06-01 12:13:00,0
LOG000347,contractor_x,Delete,/projects/specs.md,2026-05-22 14:04:00,0
LOG000348,analyst,Modify,/projects/specs.md,2026-05-28 15:43:00,0
LOG000349,dev01,Read,/projects/specs.md,2026-05-23 08:06:00,0
LOG000350,user01,FileCopy,/tmp/draft_notes.txt|/backup/internal_mirror/report.pdf,2026-05-28 13:46:00,0
LOG000351,admin,Delete,/projects/specs.md,2026-05-31 12:23:00,0
LOG000352,dev01,Modify,/shared/reports/Q1_summary.pdf,2026-05-22 16:35:00,0
LOG000353,contractor_x,Read,/shared/reports/Q1_summary.pdf,2026-05-30 17:12:00,0
LOG000354,dev01,Read,/shared/reports/Q1_summary.pdf,2026-05-23 16:45:00,0
LOG000355,dev01,FileCopy,/hr/salaries_2026.xlsx|/mnt/usb/backup_leak.zip,2026-05-29 02:09:00,1
LOG000356,user01,FileDownload,/intranet/forms/holiday.pdf,2026-05-27 16:28:00,0
LOG000357,admin,FileDownload,/intranet/forms/holiday.pdf,2026-05-22 13:48:00,0
LOG000358,contractor_x,Modify,/projects/specs.md,2026-05-24 14:52:00,0
LOG000359,user02,Delete,/hr/salaries_2026.xlsx,2026-05-22 02:23:00,1
LOG000360,user01,Read,/tmp/draft_notes.txt,2026-05-25 11:09:00,0
LOG000361,dev01,Read,/projects/specs.md,2026-05-23 08:49:00,0
LOG000362,admin,Delete,/finance/ledger_gl.db,2026-05-24 02:22:00,1
LOG000363,contractor_x,Read,/projects/specs.md,2026-05-26 08:11:00,0
LOG000364,user02,Create,/tmp/draft_notes.txt,2026-05-22 14:25:00,0
LOG000365,dev01,Modify,/tmp/draft_notes.txt,2026-05-27 13:49:00,0
LOG000366,analyst,Modify,/tmp/draft_notes.txt,2026-05-23 13:31:00,0
LOG000367,user02,Read,/projects/specs.md,2026-06-01 15:19:00,0
LOG000368,user01,Delete,/shared/reports/Q1_summary.pdf,2026-05-27 13:19:00,0
LOG000369,admin,Create,/projects/specs.md,2026-05-26 12:18:00,0
LOG000370,user02,FileDownload,/intranet/forms/holiday.pdf,2026-05-28 17:26:00,0
LOG000371,dev01,FileDownload,/exports/customer_data.zip,2026-05-22 01:33:00,1
LOG000372,admin,Modify,/projects/specs.md,2026-06-01 11:36:00,0
LOG000373,user01,FileCopy,/hr/salaries_2026.xlsx|D:/USB_STICK/exfil_copy.csv,2026-05-22 03:03:00,1
LOG000374,admin,Read,/projects/specs.md,2026-05-30 11:53:00,0
LOG000375,admin,Read,/tmp/draft_notes.txt,2026-05-22 09:43:00,0
LOG000376,admin,Create,/projects/specs.md,2026-05-30 14:01:00,0
LOG000377,admin,Modify,/projects/specs.md,2026-05-29 10:44:00,0
LOG000378,user02,FileCopy,/shared/reports/Q1_summary.pdf|/backup/internal_mirror/report.pdf,2026-05-30 16:31:00,0
LOG000379,admin,FileCopy,/projects/specs.md|/backup/internal_mirror/report.pdf,2026-05-26 12:50:00,0
LOG000380,contractor_x,Read,/projects/specs.md,2026-05-29 16:09:00,0
LOG000381,contractor_x,Create,/projects/specs.md,2026-05-30 16:22:00,0
LOG000382,contractor_x,FileDownload,/vault/confidential_bundle.zip,2026-05-28 03:27:00,1
LOG000383,dev01,Delete,/keys/signing_key.pem,2026-05-31 02:47:00,1
LOG000384,user01,Read,/shared/reports/Q1_summary.pdf,2026-05-28 16:20:00,0
LOG000385,contractor_x,Modify,/shared/reports/Q1_summary.pdf,2026-05-31 08:46:00,0
LOG000386,admin,Create,/shared/reports/Q1_summary.pdf,2026-05-30 17:35:00,0
LOG000387,dev01,FileDownload,/intranet/forms/holiday.pdf,2026-05-29 08:51:00,0
LOG000388,user02,FileCopy,/projects/specs.md|/backup/internal_mirror/report.pdf,2026-05-27 11:16:00,0
LOG000389,analyst,Delete,/keys/signing_key.pem,2026-05-27 02:58:00,1
LOG000390,admin,Modify,/tmp/draft_notes.txt,2026-05-31 13:24:00,0
LOG000391,contractor_x,Read,/tmp/draft_notes.txt,2026-05-31 10:38:00,0
LOG000392,analyst,Create,/tmp/draft_notes.txt,2026-05-27 17:25:00,0
LOG000393,user01,Delete,/hr/salaries_2026.xlsx,2026-05-31 03:18:00,1
LOG000394,user02,FileCopy,/shared/reports/Q1_summary.pdf|/backup/internal_mirror/report.pdf,2026-05-26 14:45:00,0
LOG000395,analyst,FileCopy,/secure/vault/customer_pii.csv|C:/Users/Public/unauth_copy.pem,2026-06-01 03:57:00,1
LOG000396,user02,Delete,/shared/reports/Q1_summary.pdf,2026-05-28 10:03:00,0
LOG000397,analyst,Modify,/shared/reports/Q1_summary.pdf,2026-05-29 10:40:00,0
LOG000398,dev01,Read,/tmp/draft_notes.txt,2026-05-24 11:14:00,0
LOG000399,contractor_x,Read,/shared/reports/Q1_summary.pdf,2026-05-23 16:01:00,0
LOG000400,user02,FileDownload,/intranet/forms/holiday.pdf,2026-05-27 14:04:00,0
LOG000401,user01,Read,/tmp/draft_notes.txt,2026-05-31 12:23:00,0
LOG000402,analyst,Delete,/hr/salaries_2026.xlsx,2026-05-23 03:30:00,1
LOG000403,contractor_x,Read,/shared/reports/Q1_summary.pdf,2026-05-22 13:48:00,0
LOG000404,admin,Delete,/shared/reports/Q1_summary.pdf,2026-05-22 15:36:00,0
LOG000405,user02,Read,/shared/reports/Q1_summary.pdf,2026-05-29 13:21:00,0
LOG000406,user02,FileCopy,/tmp/draft_notes.txt|/backup/internal_mirror/report.pdf,2026-05-23 15:14:00,0
LOG000407,admin,Modify,/secure/vault/customer_pii.csv,2026-05-22 02:36:00,1
LOG000408,analyst,Read,/tmp/draft_notes.txt,2026-05-28 15:59:00,0
LOG000409,analyst,FileCopy,/projects/specs.md|/backup/internal_mirror/report.pdf,2026-05-28 13:13:00,0
LOG000410,admin,Read,/projects/specs.md,2026-06-01 16:15:00,0
LOG000411,admin,FileCopy,/shared/reports/Q1_summary.pdf|/backup/internal_mirror/report.pdf,2026-05-31 12:44:00,0
LOG000412,user02,FileCopy,/shared/reports/Q1_summary.pdf|/backup/internal_mirror/report.pdf,2026-05-27 15:42:00,0
LOG000413,dev01,FileCopy,/keys/signing_key.pem|/mnt/usb/backup_leak.zip,2026-05-26 02:04:00,1
LOG000414,user01,Read,/tmp/draft_notes.txt,2026-05-23 11:04:00,0
LOG000415,dev01,Read,/shared/reports/Q1_summary.pdf,2026-05-31 11:50:00,0
LOG000416,user01,Delete,/projects/specs.md,2026-05-23 15:38:00,0
LOG000417,analyst,FileDownload,/intranet/forms/holiday.pdf,2026-05-22 12:58:00,0
LOG000418,contractor_x,FileCopy,/keys/signing_key.pem|/mnt/usb/backup_leak.zip,2026-05-28 03:21:00,1
LOG000419,dev01,FileCopy,/finance/ledger_gl.db|/mnt/usb/backup_leak.zip,2026-05-31 23:03:00,1
LOG000420,contractor_x,Read,/shared/reports/Q1_summary.pdf,2026-05-27 14:11:00,0
LOG000421,contractor_x,Read,/shared/reports/Q1_summary.pdf,2026-06-01 13:52:00,0
LOG000422,user01,Delete,/projects/specs.md,2026-05-27 12:51:00,0
LOG000423,dev01,FileDownload,/vault/confidential_bundle.zip,2026-05-27 01:52:00,1
LOG000424,dev01,Read,/shared/reports/Q1_summary.pdf,2026-05-26 13:40:00,0
LOG000425,dev01,FileCopy,/tmp/draft_notes.txt|/backup/internal_mirror/report.pdf,2026-05-27 12:19:00,0
LOG000426,admin,Modify,/tmp/draft_notes.txt,2026-05-28 14:15:00,0
LOG000427,analyst,Read,/shared/reports/Q1_summary.pdf,2026-05-24 08:25:00,0
LOG000428,dev01,Delete,/shared/reports/Q1_summary.pdf,2026-05-26 09:50:00,0
LOG000429,analyst,Read,/shared/reports/Q1_summary.pdf,2026-05-29 17:58:00,0
LOG000430,contractor_x,Create,/tmp/draft_notes.txt,2026-05-28 16:55:00,0
LOG000431,dev01,FileDownload,/intranet/forms/holiday.pdf,2026-05-25 11:16:00,0
LOG000432,dev01,Read,/shared/reports/Q1_summary.pdf,2026-05-27 12:51:00,0
LOG000433,analyst,FileDownload,/exports/customer_data.zip,2026-06-01 03:46:00,1
LOG000434,admin,FileCopy,/tmp/draft_notes.txt|/backup/internal_mirror/report.pdf,2026-05-31 08:17:00,0
LOG000435,analyst,Read,/tmp/draft_notes.txt,2026-05-26 12:49:00,0
LOG000436,admin,Modify,/keys/signing_key.pem,2026-05-25 01:48:00,1
LOG000437,analyst,Read,/projects/specs.md,2026-05-30 14:18:00,0
LOG000438,dev01,Create,/shared/reports/Q1_summary.pdf,2026-05-24 16:30:00,0
LOG000439,user01,FileCopy,/shared/reports/Q1_summary.pdf|/backup/internal_mirror/report.pdf,2026-05-23 11:22:00,0
LOG000440,analyst,Delete,/projects/specs.md,2026-05-31 13:16:00,0
LOG000441,admin,Read,/shared/reports/Q1_summary.pdf,2026-06-01 17:57:00,0
LOG000442,admin,Modify,/tmp/draft_notes.txt,2026-05-25 11:08:00,0
LOG000443,admin,FileDownload,/intranet/forms/holiday.pdf,2026-05-28 12:19:00,0
LOG000444,user01,FileCopy,/keys/signing_key.pem|C:/Users/Public/unauth_copy.pem,2026-05-22 02:29:00,1
LOG000445,user02,Read,/tmp/draft_notes.txt,2026-05-28 09:02:00,0
LOG000446,contractor_x,FileDownload,/vault/confidential_bundle.zip,2026-05-31 01:34:00,1
LOG000447,admin,FileCopy,/projects/specs.md|/backup/internal_mirror/report.pdf,2026-05-31 08:00:00,0
LOG000448,contractor_x,Read,/shared/reports/Q1_summary.pdf,2026-05-24 13:37:00,0
LOG000449,user02,FileCopy,/tmp/draft_notes.txt|/backup/internal_mirror/report.pdf,2026-05-23 08:36:00,0
LOG000450,contractor_x,Create,/projects/specs.md,2026-05-30 15:39:00,0
LOG000451,admin,Delete,/finance/ledger_gl.db,2026-05-26 01:33:00,1
LOG000452,admin,Modify,/shared/reports/Q1_summary.pdf,2026-05-28 08:35:00,0
LOG000453,user02,Delete,/secure/vault/customer_pii.csv,2026-05-29 23:07:00,1
LOG000454,contractor_x,Delete,/tmp/draft_notes.txt,2026-05-30 10:30:00,0
LOG000455,analyst,Delete,/shared/reports/Q1_summary.pdf,2026-05-23 11:37:00,0
LOG000456,user02,FileDownload,/intranet/forms/holiday.pdf,2026-06-01 09:21:00,0
LOG000457,contractor_x,Read,/shared/reports/Q1_summary.pdf,2026-05-28 09:39:00,0
LOG000458,contractor_x,FileCopy,/finance/ledger_gl.db|D:/USB_STICK/exfil_copy.csv,2026-05-27 02:49:00,1
LOG000459,user01,Modify,/projects/specs.md,2026-05-22 14:29:00,0
LOG000460,admin,Read,/shared/reports/Q1_summary.pdf,2026-05-26 13:22:00,0
LOG000461,user02,FileCopy,/shared/reports/Q1_summary.pdf|/backup/internal_mirror/report.pdf,2026-05-27 13:22:00,0
LOG000462,contractor_x,Create,/tmp/draft_notes.txt,2026-05-29 09:22:00,0
LOG000463,analyst,Read,/shared/reports/Q1_summary.pdf,2026-05-31 16:28:00,0
LOG000464,admin,Read,/projects/specs.md,2026-06-01 11:08:00,0
LOG000465,contractor_x,Modify,/projects/specs.md,2026-05-27 16:17:00,0
LOG000466,admin,Delete,/shared/reports/Q1_summary.pdf,2026-05-26 08:39:00,0
LOG000467,contractor_x,Delete,/hr/salaries_2026.xlsx,2026-05-24 02:58:00,1
LOG000468,user01,Read,/projects/specs.md,2026-05-28 15:08:00,0
LOG000469,admin,Modify,/tmp/draft_notes.txt,2026-05-23 14:24:00,0
LOG000470,user02,FileDownload,/exports/customer_data.zip,2026-05-28 02:48:00,1
LOG000471,dev01,Read,/tmp/draft_notes.txt,2026-05-25 17:18:00,0
LOG000472,user01,Modify,/shared/reports/Q1_summary.pdf,2026-05-25 16:58:00,0
LOG000473,analyst,Modify,/tmp/draft_notes.txt,2026-05-29 13:41:00,0
LOG000474,contractor_x,Read,/projects/specs.md,2026-05-25 10:44:00,0
LOG000475,admin,FileCopy,/projects/specs.md|/backup/internal_mirror/report.pdf,2026-05-28 14:36:00,0
LOG000476,contractor_x,Modify,/projects/specs.md,2026-05-24 12:31:00,0
LOG000477,analyst,FileDownload,/exports/customer_data.zip,2026-05-22 03:49:00,1
LOG000478,dev01,Create,/shared/reports/Q1_summary.pdf,2026-05-24 14:57:00,0
LOG000479,admin,FileCopy,/projects/specs.md|/backup/internal_mirror/report.pdf,2026-05-22 10:15:00,0
LOG000480,user01,Read,/projects/specs.md,2026-05-29 11:49:00,0
LOG000481,admin,FileCopy,/tmp/draft_notes.txt|/backup/internal_mirror/report.pdf,2026-05-25 11:57:00,0
LOG000482,contractor_x,Read,/shared/reports/Q1_summary.pdf,2026-05-28 10:06:00,0
LOG000483,user01,FileCopy,/projects/specs.md|/backup/internal_mirror/report.pdf,2026-05-30 17:34:00,0
LOG000484,admin,Modify,/tmp/draft_notes.txt,2026-05-31 08:22:00,0
LOG000485,contractor_x,Create,/shared/reports/Q1_summary.pdf,2026-05-22 16:19:00,0
LOG000486,user01,Read,/tmp/draft_notes.txt,2026-05-31 12:22:00,0
LOG000487,contractor_x,Read,/projects/specs.md,2026-05-22 08:52:00,0
LOG000488,user02,Delete,/tmp/draft_notes.txt,2026-05-25 08:05:00,0
LOG000489,user02,Read,/shared/reports/Q1_summary.pdf,2026-05-29 12:08:00,0
LOG000490,user01,Delete,/shared/reports/Q1_summary.pdf,2026-05-29 11:58:00,0
LOG000491,user01,FileDownload,/intranet/forms/holiday.pdf,2026-05-29 08:25:00,0
LOG000492,admin,FileCopy,/projects/specs.md|/backup/internal_mirror/report.pdf,2026-05-22 08:28:00,0
LOG000493,analyst,Read,/projects/specs.md,2026-05-24 17:40:00,0
LOG000494,user02,FileDownload,/intranet/forms/holiday.pdf,2026-06-01 08:38:00,0
LOG000495,user02,FileCopy,/shared/reports/Q1_summary.pdf|/backup/internal_mirror/report.pdf,2026-05-29 14:13:00,0
LOG000496,contractor_x,Read,/tmp/draft_notes.txt,2026-05-25 11:00:00,0
LOG000497,user02,Read,/shared/reports/Q1_summary.pdf,2026-05-30 15:23:00,0
LOG000498,user02,Modify,/projects/specs.md,2026-06-01 17:37:00,0
LOG000499,contractor_x,FileCopy,/projects/specs.md|/backup/internal_mirror/report.pdf,2026-05-24 12:02:00,0
LOG000500,admin,Read,/tmp/draft_notes.txt,2026-05-31 17:33:00,0
LOG000501,analyst,Read,/projects/specs.md,2026-05-23 13:17:00,0
LOG000502,contractor_x,FileDownload,/intranet/forms/holiday.pdf,2026-05-28 09:04:00,0
LOG000503,contractor_x,Read,/shared/reports/Q1_summary.pdf,2026-05-25 15:53:00,0
LOG000504,user02,Read,/projects/specs.md,2026-05-22 12:23:00,0
LOG000505,contractor_x,FileCopy,/projects/specs.md|/backup/internal_mirror/report.pdf,2026-05-30 16:22:00,0
LOG000506,dev01,Delete,/shared/reports/Q1_summary.pdf,2026-05-28 12:43:00,0
LOG000507,admin,Create,/tmp/draft_notes.txt,2026-05-28 11:05:00,0
LOG000508,user02,Modify,/projects/specs.md,2026-05-27 10:30:00,0
LOG000509,contractor_x,Read,/tmp/draft_notes.txt,2026-06-01 17:43:00,0
LOG000510,admin,Modify,/keys/signing_key.pem,2026-05-23 02:39:00,1
LOG000511,contractor_x,Modify,/shared/reports/Q1_summary.pdf,2026-05-25 12:44:00,0
LOG000512,dev01,FileCopy,/projects/specs.md|/backup/internal_mirror/report.pdf,2026-06-01 16:43:00,0
LOG000513,analyst,Modify,/secure/vault/customer_pii.csv,2026-05-22 23:02:00,1
LOG000514,user02,Read,/shared/reports/Q1_summary.pdf,2026-05-30 14:28:00,0
LOG000515,dev01,Modify,/secure/vault/customer_pii.csv,2026-05-22 01:04:00,1
LOG000516,admin,FileCopy,/tmp/draft_notes.txt|/backup/internal_mirror/report.pdf,2026-05-24 16:46:00,0
LOG000517,analyst,FileCopy,/secure/vault/customer_pii.csv|/mnt/usb/backup_leak.zip,2026-05-22 03:44:00,1
LOG000518,user01,FileDownload,/intranet/forms/holiday.pdf,2026-05-28 12:05:00,0
LOG000519,user01,Modify,/tmp/draft_notes.txt,2026-05-22 13:23:00,0
LOG000520,user01,Read,/tmp/draft_notes.txt,2026-05-31 13:47:00,0
LOG000521,user01,Modify,/projects/specs.md,2026-05-22 13:11:00,0
LOG000522,admin,FileCopy,/tmp/draft_notes.txt|/backup/internal_mirror/report.pdf,2026-05-29 14:32:00,0
LOG000523,admin,Modify,/projects/specs.md,2026-05-22 09:07:00,0
LOG000524,dev01,FileCopy,/hr/salaries_2026.xlsx|/mnt/usb/backup_leak.zip,2026-05-30 03:35:00,1
LOG000525,dev01,Read,/projects/specs.md,2026-06-01 16:05:00,0
LOG000526,analyst,FileCopy,/tmp/draft_notes.txt|/backup/internal_mirror/report.pdf,2026-05-25 12:09:00,0
LOG000527,contractor_x,Read,/shared/reports/Q1_summary.pdf,2026-05-27 10:33:00,0
LOG000528,analyst,Read,/shared/reports/Q1_summary.pdf,2026-05-23 09:33:00,0
LOG000529,admin,FileCopy,/tmp/draft_notes.txt|/backup/internal_mirror/report.pdf,2026-05-22 13:45:00,0
LOG000530,dev01,Read,/shared/reports/Q1_summary.pdf,2026-05-24 11:18:00,0
LOG000531,user02,Delete,/hr/salaries_2026.xlsx,2026-05-26 02:49:00,1
LOG000532,user02,Read,/shared/reports/Q1_summary.pdf,2026-05-24 15:31:00,0
LOG000533,user01,Read,/tmp/draft_notes.txt,2026-06-01 17:07:00,0
LOG000534,contractor_x,Delete,/secure/vault/customer_pii.csv,2026-05-30 23:14:00,1
LOG000535,admin,FileCopy,/projects/specs.md|/backup/internal_mirror/report.pdf,2026-05-28 11:32:00,0
LOG000536,admin,Modify,/finance/ledger_gl.db,2026-05-23 02:41:00,1
LOG000537,admin,Read,/tmp/draft_notes.txt,2026-05-28 11:01:00,0
LOG000538,admin,FileDownload,/intranet/forms/holiday.pdf,2026-05-23 12:19:00,0
LOG000539,contractor_x,Create,/tmp/draft_notes.txt,2026-05-29 09:10:00,0
LOG000540,user01,Read,/shared/reports/Q1_summary.pdf,2026-05-24 14:19:00,0
LOG000541,user02,FileCopy,/shared/reports/Q1_summary.pdf|/backup/internal_mirror/report.pdf,2026-05-26 15:08:00,0
LOG000542,analyst,FileCopy,/hr/salaries_2026.xlsx|C:/Users/Public/unauth_copy.pem,2026-05-25 01:23:00,1
LOG000543,user01,Read,/projects/specs.md,2026-05-25 09:52:00,0
LOG000544,dev01,Read,/tmp/draft_notes.txt,2026-05-30 16:50:00,0
LOG000545,admin,FileCopy,/keys/signing_key.pem|/mnt/usb/backup_leak.zip,2026-05-26 01:44:00,1
LOG000546,admin,Read,/tmp/draft_notes.txt,2026-05-30 14:48:00,0
LOG000547,analyst,Read,/tmp/draft_notes.txt,2026-05-25 16:07:00,0
LOG000548,user01,Delete,/projects/specs.md,2026-05-31 10:28:00,0
LOG000549,user01,Create,/projects/specs.md,2026-05-24 14:39:00,0
LOG000550,user01,Read,/projects/specs.md,2026-05-22 13:01:00,0
LOG000551,contractor_x,FileDownload,/vault/confidential_bundle.zip,2026-05-28 03:11:00,1
LOG000552,admin,Read,/projects/specs.md,2026-05-31 14:49:00,0
LOG000553,admin,FileDownload,/intranet/forms/holiday.pdf,2026-05-25 16:59:00,0
LOG000554,contractor_x,Read,/tmp/draft_notes.txt,2026-05-22 17:49:00,0
LOG000555,user02,Modify,/projects/specs.md,2026-05-23 08:39:00,0
LOG000556,user02,FileDownload,/intranet/forms/holiday.pdf,2026-05-22 15:56:00,0
LOG000557,dev01,Modify,/finance/ledger_gl.db,2026-05-25 01:40:00,1
LOG000558,analyst,Read,/projects/specs.md,2026-05-28 12:53:00,0
LOG000559,admin,Create,/tmp/draft_notes.txt,2026-05-29 17:07:00,0
LOG000560,analyst,FileDownload,/intranet/forms/holiday.pdf,2026-05-26 12:57:00,0
LOG000561,contractor_x,Read,/projects/specs.md,2026-05-28 17:02:00,0
LOG000562,admin,Read,/tmp/draft_notes.txt,2026-05-22 09:16:00,0
LOG000563,dev01,Read,/shared/reports/Q1_summary.pdf,2026-05-29 14:05:00,0
LOG000564,dev01,FileCopy,/projects/specs.md|/backup/internal_mirror/report.pdf,2026-05-29 12:20:00,0
LOG000565,contractor_x,Modify,/projects/specs.md,2026-05-27 15:01:00,0
LOG000566,contractor_x,Read,/shared/reports/Q1_summary.pdf,2026-06-01 13:24:00,0
LOG000567,user02,FileCopy,/projects/specs.md|/backup/internal_mirror/report.pdf,2026-05-24 09:05:00,0
LOG000568,admin,Create,/tmp/draft_notes.txt,2026-05-22 10:11:00,0
LOG000569,analyst,Create,/tmp/draft_notes.txt,2026-05-29 10:52:00,0
LOG000570,dev01,Delete,/tmp/draft_notes.txt,2026-06-01 14:01:00,0
LOG000571,analyst,FileCopy,/projects/specs.md|/backup/internal_mirror/report.pdf,2026-05-25 09:09:00,0
LOG000572,user01,FileDownload,/vault/confidential_bundle.zip,2026-05-26 23:33:00,1
LOG000573,user01,Read,/tmp/draft_notes.txt,2026-05-30 16:50:00,0
LOG000574,admin,Modify,/hr/salaries_2026.xlsx,2026-05-23 03:52:00,1
LOG000575,analyst,Delete,/shared/reports/Q1_summary.pdf,2026-05-31 17:41:00,0
LOG000576,contractor_x,FileDownload,/vault/confidential_bundle.zip,2026-06-01 01:53:00,1
LOG000577,contractor_x,Read,/projects/specs.md,2026-05-24 13:40:00,0
LOG000578,user01,Read,/tmp/draft_notes.txt,2026-05-23 13:22:00,0
LOG000579,dev01,Delete,/finance/ledger_gl.db,2026-05-28 02:37:00,1
LOG000580,contractor_x,Modify,/projects/specs.md,2026-05-24 08:36:00,0
LOG000581,user02,Read,/tmp/draft_notes.txt,2026-05-23 10:10:00,0
LOG000582,admin,Delete,/shared/reports/Q1_summary.pdf,2026-05-31 16:53:00,0
LOG000583,dev01,FileCopy,/tmp/draft_notes.txt|/backup/internal_mirror/report.pdf,2026-05-27 16:10:00,0
LOG000584,dev01,Modify,/projects/specs.md,2026-05-25 08:36:00,0
LOG000585,user01,FileDownload,/intranet/forms/holiday.pdf,2026-06-01 08:31:00,0
LOG000586,user01,FileCopy,/finance/ledger_gl.db|/mnt/usb/backup_leak.zip,2026-05-28 03:06:00,1
LOG000587,contractor_x,FileCopy,/projects/specs.md|/backup/internal_mirror/report.pdf,2026-05-24 10:42:00,0
LOG000588,user02,FileCopy,/secure/vault/customer_pii.csv|C:/Users/Public/unauth_copy.pem,2026-06-01 03:49:00,1
LOG000589,admin,FileCopy,/projects/specs.md|/backup/internal_mirror/report.pdf,2026-05-28 14:25:00,0
LOG000590,contractor_x,Create,/projects/specs.md,2026-05-28 14:24:00,0
LOG000591,admin,FileCopy,/projects/specs.md|/backup/internal_mirror/report.pdf,2026-05-22 11:38:00,0
LOG000592,admin,Modify,/shared/reports/Q1_summary.pdf,2026-05-22 14:00:00,0
LOG000593,admin,Delete,/finance/ledger_gl.db,2026-05-25 02:24:00,1
LOG000594,contractor_x,Read,/shared/reports/Q1_summary.pdf,2026-05-22 15:41:00,0
LOG000595,analyst,Read,/tmp/draft_notes.txt,2026-06-01 17:36:00,0
LOG000596,contractor_x,Create,/projects/specs.md,2026-05-27 09:54:00,0
LOG000597,analyst,FileDownload,/intranet/forms/holiday.pdf,2026-05-26 13:55:00,0
LOG000598,contractor_x,Create,/shared/reports/Q1_summary.pdf,2026-05-22 10:27:00,0
LOG000599,user02,Read,/projects/specs.md,2026-05-30 14:13:00,0
LOG000600,dev01,FileCopy,/projects/specs.md|/backup/internal_mirror/report.pdf,2026-05-29 15:36:00,0
LOG000601,admin,Modify,/projects/specs.md,2026-05-27 16:16:00,0
LOG000602,user02,Modify,/projects/specs.md,2026-05-31 16:56:00,0
LOG000603,analyst,FileDownload,/vault/confidential_bundle.zip,2026-05-31 23:38:00,1
LOG000604,dev01,Read,/projects/specs.md,2026-05-30 13:14:00,0
LOG000605,user02,FileDownload,/intranet/forms/holiday.pdf,2026-05-27 08:28:00,0
LOG000606,dev01,Read,/tmp/draft_notes.txt,2026-05-30 16:27:00,0
LOG000607,user01,Create,/tmp/draft_notes.txt,2026-05-30 10:10:00,0
LOG000608,dev01,Delete,/secure/vault/customer_pii.csv,2026-05-24 02:02:00,1
LOG000609,dev01,Delete,/tmp/draft_notes.txt,2026-05-24 17:59:00,0
LOG000610,user02,FileCopy,/tmp/draft_notes.txt|/backup/internal_mirror/report.pdf,2026-06-01 14:19:00,0
LOG000611,user01,Modify,/tmp/draft_notes.txt,2026-05-29 10:52:00,0
LOG000612,contractor_x,Modify,/tmp/draft_notes.txt,2026-05-27 14:48:00,0
LOG000613,analyst,Delete,/projects/specs.md,2026-05-23 14:31:00,0
LOG000614,contractor_x,Modify,/secure/vault/customer_pii.csv,2026-05-26 03:33:00,1
LOG000615,user02,FileDownload,/vault/confidential_bundle.zip,2026-05-24 01:54:00,1
LOG000616,user02,Read,/projects/specs.md,2026-06-01 09:41:00,0
LOG000617,user02,FileDownload,/intranet/forms/holiday.pdf,2026-05-26 08:31:00,0
LOG000618,dev01,FileCopy,/tmp/draft_notes.txt|/backup/internal_mirror/report.pdf,2026-05-28 14:42:00,0
LOG000619,dev01,Read,/projects/specs.md,2026-05-31 10:31:00,0
LOG000620,user02,Read,/tmp/draft_notes.txt,2026-05-28 14:45:00,0
LOG000621,contractor_x,Read,/tmp/draft_notes.txt,2026-05-31 17:18:00,0
LOG000622,user01,FileDownload,/intranet/forms/holiday.pdf,2026-05-28 13:28:00,0
LOG000623,dev01,Modify,/hr/salaries_2026.xlsx,2026-05-25 23:31:00,1
LOG000624,dev01,FileCopy,/shared/reports/Q1_summary.pdf|/backup/internal_mirror/report.pdf,2026-05-31 14:16:00,0
LOG000625,analyst,FileCopy,/hr/salaries_2026.xlsx|/mnt/usb/backup_leak.zip,2026-05-30 01:15:00,1
LOG000626,contractor_x,Modify,/projects/specs.md,2026-05-22 14:35:00,0
LOG000627,dev01,Modify,/shared/reports/Q1_summary.pdf,2026-05-22 14:46:00,0
LOG000628,user02,FileCopy,/hr/salaries_2026.xlsx|D:/USB_STICK/exfil_copy.csv,2026-05-23 23:32:00,1
LOG000629,contractor_x,Modify,/shared/reports/Q1_summary.pdf,2026-05-25 14:23:00,0
LOG000630,dev01,Create,/tmp/draft_notes.txt,2026-05-22 17:43:00,0
LOG000631,user02,Read,/projects/specs.md,2026-05-30 16:34:00,0
LOG000632,user02,Create,/projects/specs.md,2026-05-22 10:02:00,0
LOG000633,dev01,Read,/tmp/draft_notes.txt,2026-05-23 15:43:00,0
LOG000634,user02,Delete,/secure/vault/customer_pii.csv,2026-05-30 03:24:00,1
LOG000635,user02,Read,/projects/specs.md,2026-05-26 10:13:00,0
LOG000636,admin,FileCopy,/shared/reports/Q1_summary.pdf|/backup/internal_mirror/report.pdf,2026-06-01 09:28:00,0
LOG000637,dev01,FileCopy,/projects/specs.md|/backup/internal_mirror/report.pdf,2026-05-27 12:38:00,0
LOG000638,analyst,FileDownload,/exports/customer_data.zip,2026-06-01 03:30:00,1
LOG000639,user01,Modify,/tmp/draft_notes.txt,2026-05-29 13:15:00,0
LOG000640,analyst,FileCopy,/shared/reports/Q1_summary.pdf|/backup/internal_mirror/report.pdf,2026-05-26 08:44:00,0
LOG000641,admin,Create,/shared/reports/Q1_summary.pdf,2026-05-29 11:04:00,0
LOG000642,admin,Delete,/keys/signing_key.pem,2026-05-23 23:57:00,1
LOG000643,user02,Read,/tmp/draft_notes.txt,2026-05-27 14:43:00,0
LOG000644,analyst,Modify,/projects/specs.md,2026-05-27 10:26:00,0
LOG000645,contractor_x,Read,/shared/reports/Q1_summary.pdf,2026-05-26 08:45:00,0
LOG000646,admin,FileCopy,/projects/specs.md|/backup/internal_mirror/report.pdf,2026-05-28 09:10:00,0
LOG000647,user01,Read,/projects/specs.md,2026-05-27 13:19:00,0
LOG000648,user01,Delete,/projects/specs.md,2026-05-22 08:25:00,0
LOG000649,analyst,Read,/shared/reports/Q1_summary.pdf,2026-05-24 08:38:00,0
LOG000650,contractor_x,FileDownload,/vault/confidential_bundle.zip,2026-05-25 01:03:00,1
LOG000651,analyst,FileDownload,/exports/customer_data.zip,2026-06-01 03:42:00,1
LOG000652,dev01,Read,/shared/reports/Q1_summary.pdf,2026-05-23 10:16:00,0
LOG000653,admin,FileDownload,/vault/confidential_bundle.zip,2026-05-23 02:11:00,1
LOG000654,admin,Create,/tmp/draft_notes.txt,2026-05-28 08:48:00,0
LOG000655,dev01,Create,/shared/reports/Q1_summary.pdf,2026-05-23 10:26:00,0
LOG000656,analyst,Modify,/finance/ledger_gl.db,2026-05-30 03:07:00,1
LOG000657,user02,FileCopy,/projects/specs.md|/backup/internal_mirror/report.pdf,2026-05-25 08:32:00,0
LOG000658,user02,FileDownload,/vault/confidential_bundle.zip,2026-05-31 23:24:00,1
LOG000659,user01,Create,/shared/reports/Q1_summary.pdf,2026-05-24 15:38:00,0
LOG000660,contractor_x,FileCopy,/keys/signing_key.pem|D:/USB_STICK/exfil_copy.csv,2026-05-29 03:45:00,1
LOG000661,analyst,Modify,/secure/vault/customer_pii.csv,2026-05-26 02:14:00,1
LOG000662,admin,Delete,/shared/reports/Q1_summary.pdf,2026-05-31 13:16:00,0
LOG000663,dev01,Create,/projects/specs.md,2026-05-22 17:39:00,0
LOG000664,admin,Create,/shared/reports/Q1_summary.pdf,2026-06-01 13:52:00,0
LOG000665,user01,Modify,/shared/reports/Q1_summary.pdf,2026-05-27 17:12:00,0
LOG000666,user01,Create,/tmp/draft_notes.txt,2026-05-22 08:26:00,0
LOG000667,analyst,FileDownload,/intranet/forms/holiday.pdf,2026-06-01 14:34:00,0
LOG000668,analyst,FileCopy,/shared/reports/Q1_summary.pdf|/backup/internal_mirror/report.pdf,2026-05-31 12:44:00,0
LOG000669,user02,FileCopy,/shared/reports/Q1_summary.pdf|/backup/internal_mirror/report.pdf,2026-05-29 12:14:00,0
LOG000670,admin,FileDownload,/intranet/forms/holiday.pdf,2026-05-24 10:43:00,0
LOG000671,analyst,Modify,/finance/ledger_gl.db,2026-05-26 02:12:00,1
LOG000672,admin,Create,/projects/specs.md,2026-05-31 16:04:00,0
LOG000673,admin,FileDownload,/intranet/forms/holiday.pdf,2026-05-25 11:25:00,0
LOG000674,user01,FileDownload,/vault/confidential_bundle.zip,2026-05-25 03:08:00,1
LOG000675,admin,FileDownload,/intranet/forms/holiday.pdf,2026-05-23 16:09:00,0
LOG000676,contractor_x,Modify,/shared/reports/Q1_summary.pdf,2026-05-31 12:20:00,0
LOG000677,admin,Read,/shared/reports/Q1_summary.pdf,2026-05-22 09:56:00,0
LOG000678,admin,Read,/projects/specs.md,2026-05-31 17:27:00,0
LOG000679,analyst,Modify,/projects/specs.md,2026-06-01 10:52:00,0
LOG000680,contractor_x,Read,/tmp/draft_notes.txt,2026-05-29 16:12:00,0
LOG000681,analyst,FileCopy,/shared/reports/Q1_summary.pdf|/backup/internal_mirror/report.pdf,2026-05-30 11:19:00,0
LOG000682,user01,Delete,/projects/specs.md,2026-05-31 11:17:00,0
LOG000683,user01,Modify,/hr/salaries_2026.xlsx,2026-05-26 02:23:00,1
LOG000684,user01,Modify,/hr/salaries_2026.xlsx,2026-06-01 01:39:00,1
LOG000685,analyst,Modify,/hr/salaries_2026.xlsx,2026-05-30 02:29:00,1
LOG000686,admin,Create,/tmp/draft_notes.txt,2026-05-25 11:14:00,0
LOG000687,contractor_x,FileCopy,/tmp/draft_notes.txt|/backup/internal_mirror/report.pdf,2026-05-27 14:55:00,0
LOG000688,user02,Read,/shared/reports/Q1_summary.pdf,2026-05-26 13:27:00,0
LOG000689,analyst,Delete,/shared/reports/Q1_summary.pdf,2026-06-01 13:02:00,0
LOG000690,user02,Read,/projects/specs.md,2026-05-28 16:27:00,0
LOG000691,dev01,FileCopy,/hr/salaries_2026.xlsx|D:/USB_STICK/exfil_copy.csv,2026-05-31 01:02:00,1
LOG000692,analyst,FileDownload,/intranet/forms/holiday.pdf,2026-05-22 12:30:00,0
LOG000693,user01,FileCopy,/tmp/draft_notes.txt|/backup/internal_mirror/report.pdf,2026-05-22 13:03:00,0
LOG000694,admin,Create,/tmp/draft_notes.txt,2026-05-30 13:45:00,0
LOG000695,user02,Create,/shared/reports/Q1_summary.pdf,2026-05-27 13:02:00,0
LOG000696,contractor_x,Modify,/shared/reports/Q1_summary.pdf,2026-05-25 17:31:00,0
LOG000697,admin,FileCopy,/shared/reports/Q1_summary.pdf|/backup/internal_mirror/report.pdf,2026-05-25 12:30:00,0
LOG000698,contractor_x,FileDownload,/exports/customer_data.zip,2026-05-27 03:16:00,1
LOG000699,analyst,FileCopy,/keys/signing_key.pem|D:/USB_STICK/exfil_copy.csv,2026-06-01 23:24:00,1
LOG000700,dev01,Modify,/shared/reports/Q1_summary.pdf,2026-05-22 12:19:00,0
LOG000701,analyst,Read,/shared/reports/Q1_summary.pdf,2026-05-31 15:11:00,0
LOG000702,user01,Read,/projects/specs.md,2026-05-30 08:50:00,0
LOG000703,analyst,Modify,/hr/salaries_2026.xlsx,2026-05-28 01:18:00,1
LOG000704,contractor_x,FileCopy,/keys/signing_key.pem|C:/Users/Public/unauth_copy.pem,2026-05-27 02:34:00,1
LOG000705,user01,FileDownload,/intranet/forms/holiday.pdf,2026-05-22 12:46:00,0
LOG000706,contractor_x,Create,/projects/specs.md,2026-05-24 09:53:00,0
LOG000707,admin,Read,/tmp/draft_notes.txt,2026-05-24 10:03:00,0
LOG000708,user02,Read,/shared/reports/Q1_summary.pdf,2026-06-01 15:36:00,0
LOG000709,dev01,Read,/tmp/draft_notes.txt,2026-05-27 17:51:00,0
LOG000710,dev01,FileCopy,/finance/ledger_gl.db|C:/Users/Public/unauth_copy.pem,2026-05-24 03:17:00,1
LOG000711,user02,Read,/projects/specs.md,2026-05-26 14:17:00,0
LOG000712,analyst,Modify,/finance/ledger_gl.db,2026-05-22 01:19:00,1
LOG000713,user01,Read,/tmp/draft_notes.txt,2026-05-26 08:58:00,0
LOG000714,admin,Read,/projects/specs.md,2026-05-22 10:11:00,0
LOG000715,user02,FileDownload,/intranet/forms/holiday.pdf,2026-05-27 12:57:00,0
LOG000716,admin,Modify,/keys/signing_key.pem,2026-05-24 02:02:00,1
LOG000717,contractor_x,Read,/tmp/draft_notes.txt,2026-05-22 14:51:00,0
LOG000718,dev01,FileCopy,/tmp/draft_notes.txt|/backup/internal_mirror/report.pdf,2026-05-29 08:28:00,0
LOG000719,contractor_x,FileCopy,/finance/ledger_gl.db|D:/USB_STICK/exfil_copy.csv,2026-05-31 03:08:00,1
LOG000720,user01,Read,/projects/specs.md,2026-05-25 15:12:00,0
LOG000721,contractor_x,Read,/shared/reports/Q1_summary.pdf,2026-05-28 16:52:00,0
LOG000722,user01,FileDownload,/intranet/forms/holiday.pdf,2026-05-29 14:47:00,0
LOG000723,user01,Create,/tmp/draft_notes.txt,2026-05-22 09:10:00,0
LOG000724,admin,FileCopy,/projects/specs.md|/backup/internal_mirror/report.pdf,2026-05-26 12:27:00,0
LOG000725,analyst,Create,/projects/specs.md,2026-05-23 13:14:00,0
LOG000726,admin,FileCopy,/projects/specs.md|/backup/internal_mirror/report.pdf,2026-05-24 09:26:00,0
LOG000727,user01,FileCopy,/tmp/draft_notes.txt|/backup/internal_mirror/report.pdf,2026-05-28 14:31:00,0
LOG000728,contractor_x,Read,/tmp/draft_notes.txt,2026-05-26 16:22:00,0
LOG000729,dev01,Modify,/secure/vault/customer_pii.csv,2026-05-28 02:19:00,1
LOG000730,user01,Delete,/secure/vault/customer_pii.csv,2026-05-26 01:10:00,1
LOG000731,user01,Read,/projects/specs.md,2026-05-22 11:11:00,0
LOG000732,analyst,Modify,/tmp/draft_notes.txt,2026-05-26 13:38:00,0
LOG000733,analyst,Read,/projects/specs.md,2026-05-27 16:16:00,0
LOG000734,user01,FileDownload,/intranet/forms/holiday.pdf,2026-05-23 08:11:00,0
LOG000735,user01,Modify,/shared/reports/Q1_summary.pdf,2026-05-27 09:17:00,0
LOG000736,user02,Read,/tmp/draft_notes.txt,2026-05-24 09:34:00,0
LOG000737,admin,Modify,/tmp/draft_notes.txt,2026-05-22 08:08:00,0
LOG000738,contractor_x,Read,/tmp/draft_notes.txt,2026-06-01 16:15:00,0
LOG000739,user01,Modify,/keys/signing_key.pem,2026-05-30 02:12:00,1
LOG000740,dev01,FileDownload,/vault/confidential_bundle.zip,2026-05-24 03:04:00,1
LOG000741,admin,Read,/tmp/draft_notes.txt,2026-05-23 08:53:00,0
LOG000742,contractor_x,FileCopy,/tmp/draft_notes.txt|/backup/internal_mirror/report.pdf,2026-05-24 08:55:00,0
LOG000743,user01,Read,/tmp/draft_notes.txt,2026-05-22 16:44:00,0
LOG000744,user01,Create,/shared/reports/Q1_summary.pdf,2026-05-30 17:08:00,0
LOG000745,contractor_x,FileCopy,/tmp/draft_notes.txt|/backup/internal_mirror/report.pdf,2026-05-23 14:02:00,0
LOG000746,user01,Read,/projects/specs.md,2026-05-24 11:54:00,0
LOG000747,analyst,Modify,/tmp/draft_notes.txt,2026-05-27 08:03:00,0
LOG000748,user02,Read,/tmp/draft_notes.txt,2026-05-22 15:52:00,0
LOG000749,user02,FileDownload,/exports/customer_data.zip,2026-05-23 03:41:00,1
LOG000750,user02,Modify,/shared/reports/Q1_summary.pdf,2026-05-27 08:10:00,0
LOG000751,admin,FileDownload,/intranet/forms/holiday.pdf,2026-05-28 10:56:00,0
LOG000752,user02,Delete,/projects/specs.md,2026-05-31 09:29:00,0
LOG000753,user01,Read,/tmp/draft_notes.txt,2026-05-29 15:09:00,0
LOG000754,contractor_x,FileCopy,/secure/vault/customer_pii.csv|/mnt/usb/backup_leak.zip,2026-06-01 01:41:00,1
LOG000755,dev01,Delete,/shared/reports/Q1_summary.pdf,2026-05-24 12:05:00,0
LOG000756,analyst,Create,/projects/specs.md,2026-05-25 10:25:00,0
LOG000757,user02,Create,/tmp/draft_notes.txt,2026-05-29 11:24:00,0
LOG000758,admin,FileCopy,/tmp/draft_notes.txt|/backup/internal_mirror/report.pdf,2026-05-28 15:51:00,0
LOG000759,user02,Read,/projects/specs.md,2026-05-25 10:09:00,0
LOG000760,user02,Read,/tmp/draft_notes.txt,2026-05-29 16:29:00,0
LOG000761,user02,Create,/tmp/draft_notes.txt,2026-05-28 12:32:00,0
LOG000762,analyst,Read,/shared/reports/Q1_summary.pdf,2026-05-28 17:12:00,0
LOG000763,contractor_x,FileCopy,/hr/salaries_2026.xlsx|/mnt/usb/backup_leak.zip,2026-06-01 23:40:00,1
LOG000764,analyst,Delete,/shared/reports/Q1_summary.pdf,2026-05-27 13:13:00,0
LOG000765,user01,Delete,/projects/specs.md,2026-06-01 13:01:00,0
LOG000766,analyst,FileCopy,/projects/specs.md|/backup/internal_mirror/report.pdf,2026-05-28 11:32:00,0
LOG000767,admin,Create,/tmp/draft_notes.txt,2026-05-24 10:55:00,0
LOG000768,user02,Modify,/hr/salaries_2026.xlsx,2026-05-24 23:29:00,1
LOG000769,contractor_x,FileCopy,/finance/ledger_gl.db|D:/USB_STICK/exfil_copy.csv,2026-06-01 03:09:00,1
LOG000770,admin,Read,/tmp/draft_notes.txt,2026-05-26 08:47:00,0
LOG000771,contractor_x,FileCopy,/shared/reports/Q1_summary.pdf|/backup/internal_mirror/report.pdf,2026-05-25 16:30:00,0
LOG000772,admin,FileCopy,/finance/ledger_gl.db|C:/Users/Public/unauth_copy.pem,2026-05-27 01:42:00,1
LOG000773,admin,Create,/projects/specs.md,2026-06-01 11:05:00,0
LOG000774,user02,Read,/tmp/draft_notes.txt,2026-05-29 13:55:00,0
LOG000775,dev01,FileDownload,/exports/customer_data.zip,2026-05-28 02:05:00,1
LOG000776,contractor_x,FileDownload,/intranet/forms/holiday.pdf,2026-05-24 12:24:00,0
LOG000777,user02,FileCopy,/shared/reports/Q1_summary.pdf|/backup/internal_mirror/report.pdf,2026-05-23 15:43:00,0
LOG000778,admin,FileDownload,/exports/customer_data.zip,2026-05-28 01:05:00,1
LOG000779,dev01,Create,/tmp/draft_notes.txt,2026-06-01 11:29:00,0
LOG000780,user02,Delete,/shared/reports/Q1_summary.pdf,2026-05-22 10:37:00,0
LOG000781,analyst,Modify,/secure/vault/customer_pii.csv,2026-05-31 02:55:00,1
LOG000782,dev01,Delete,/projects/specs.md,2026-05-28 09:52:00,0
LOG000783,user02,FileCopy,/shared/reports/Q1_summary.pdf|/backup/internal_mirror/report.pdf,2026-05-24 16:43:00,0
LOG000784,user01,FileCopy,/projects/specs.md|/backup/internal_mirror/report.pdf,2026-05-26 17:48:00,0
LOG000785,user02,Read,/tmp/draft_notes.txt,2026-05-29 09:57:00,0
LOG000786,contractor_x,Read,/tmp/draft_notes.txt,2026-05-22 12:15:00,0
LOG000787,contractor_x,FileCopy,/secure/vault/customer_pii.csv|D:/USB_STICK/exfil_copy.csv,2026-05-22 23:12:00,1
LOG000788,dev01,FileDownload,/exports/customer_data.zip,2026-05-23 23:23:00,1
LOG000789,dev01,Create,/shared/reports/Q1_summary.pdf,2026-05-31 11:28:00,0
LOG000790,user01,FileCopy,/shared/reports/Q1_summary.pdf|/backup/internal_mirror/report.pdf,2026-06-01 14:17:00,0
LOG000791,dev01,Read,/shared/reports/Q1_summary.pdf,2026-05-24 09:21:00,0
LOG000792,user01,FileDownload,/intranet/forms/holiday.pdf,2026-05-23 10:15:00,0
LOG000793,analyst,Delete,/shared/reports/Q1_summary.pdf,2026-05-22 08:16:00,0
LOG000794,admin,Read,/tmp/draft_notes.txt,2026-05-31 12:41:00,0
LOG000795,user02,FileCopy,/projects/specs.md|/backup/internal_mirror/report.pdf,2026-05-22 10:46:00,0
LOG000796,admin,FileDownload,/intranet/forms/holiday.pdf,2026-05-23 08:47:00,0
LOG000797,user02,Modify,/projects/specs.md,2026-05-22 17:44:00,0
LOG000798,user01,Delete,/finance/ledger_gl.db,2026-05-26 03:33:00,1
LOG000799,user02,Modify,/projects/specs.md,2026-05-27 17:55:00,0
LOG000800,analyst,Create,/projects/specs.md,2026-05-24 15:00:00,0
LOG000801,contractor_x,FileDownload,/intranet/forms/holiday.pdf,2026-05-25 09:16:00,0
LOG000802,user01,Read,/shared/reports/Q1_summary.pdf,2026-05-25 08:23:00,0
LOG000803,analyst,FileDownload,/intranet/forms/holiday.pdf,2026-05-26 17:32:00,0
LOG000804,user01,Read,/shared/reports/Q1_summary.pdf,2026-05-29 10:59:00,0
LOG000805,admin,Delete,/projects/specs.md,2026-05-25 13:58:00,0
LOG000806,user02,FileCopy,/projects/specs.md|/backup/internal_mirror/report.pdf,2026-05-28 12:40:00,0
LOG000807,analyst,Create,/shared/reports/Q1_summary.pdf,2026-05-23 16:11:00,0
LOG000808,contractor_x,Modify,/tmp/draft_notes.txt,2026-05-24 14:09:00,0
LOG000809,dev01,FileCopy,/projects/specs.md|/backup/internal_mirror/report.pdf,2026-05-24 13:27:00,0
LOG000810,user01,Modify,/hr/salaries_2026.xlsx,2026-05-22 23:41:00,1
LOG000811,admin,Read,/shared/reports/Q1_summary.pdf,2026-05-25 11:49:00,0
LOG000812,dev01,FileCopy,/projects/specs.md|/backup/internal_mirror/report.pdf,2026-05-27 16:28:00,0
LOG000813,admin,FileCopy,/projects/specs.md|/backup/internal_mirror/report.pdf,2026-05-25 17:23:00,0
LOG000814,contractor_x,Read,/projects/specs.md,2026-05-22 12:35:00,0
LOG000815,analyst,Read,/tmp/draft_notes.txt,2026-05-23 11:16:00,0
LOG000816,user01,FileCopy,/shared/reports/Q1_summary.pdf|/backup/internal_mirror/report.pdf,2026-05-28 09:35:00,0
LOG000817,user02,Read,/projects/specs.md,2026-05-31 14:42:00,0
LOG000818,contractor_x,FileDownload,/intranet/forms/holiday.pdf,2026-05-24 13:54:00,0
LOG000819,admin,FileCopy,/secure/vault/customer_pii.csv|/mnt/usb/backup_leak.zip,2026-05-25 01:01:00,1
LOG000820,dev01,Delete,/projects/specs.md,2026-05-28 14:08:00,0
LOG000821,contractor_x,FileDownload,/intranet/forms/holiday.pdf,2026-05-31 10:03:00,0
LOG000822,user02,Read,/shared/reports/Q1_summary.pdf,2026-05-26 14:14:00,0
LOG000823,contractor_x,Read,/projects/specs.md,2026-05-23 11:05:00,0
LOG000824,dev01,Read,/shared/reports/Q1_summary.pdf,2026-05-28 17:24:00,0
LOG000825,analyst,Modify,/finance/ledger_gl.db,2026-05-24 02:40:00,1
LOG000826,contractor_x,FileCopy,/shared/reports/Q1_summary.pdf|/backup/internal_mirror/report.pdf,2026-05-30 17:52:00,0
LOG000827,analyst,Delete,/hr/salaries_2026.xlsx,2026-05-26 23:47:00,1
LOG000828,analyst,FileDownload,/intranet/forms/holiday.pdf,2026-05-24 14:24:00,0
LOG000829,dev01,FileCopy,/shared/reports/Q1_summary.pdf|/backup/internal_mirror/report.pdf,2026-05-27 09:54:00,0
LOG000830,dev01,FileCopy,/projects/specs.md|/backup/internal_mirror/report.pdf,2026-05-27 14:52:00,0
LOG000831,user02,Create,/shared/reports/Q1_summary.pdf,2026-05-28 08:34:00,0
LOG000832,admin,Modify,/projects/specs.md,2026-05-24 08:18:00,0
LOG000833,admin,Read,/tmp/draft_notes.txt,2026-05-30 12:16:00,0
LOG000834,contractor_x,Delete,/shared/reports/Q1_summary.pdf,2026-05-30 11:10:00,0
LOG000835,contractor_x,FileDownload,/intranet/forms/holiday.pdf,2026-05-26 13:20:00,0
LOG000836,contractor_x,Read,/shared/reports/Q1_summary.pdf,2026-05-31 16:48:00,0
LOG000837,user01,FileCopy,/shared/reports/Q1_summary.pdf|/backup/internal_mirror/report.pdf,2026-05-31 12:16:00,0
LOG000838,admin,Delete,/tmp/draft_notes.txt,2026-06-01 12:31:00,0
LOG000839,contractor_x,Modify,/finance/ledger_gl.db,2026-05-24 02:50:00,1
LOG000840,contractor_x,FileCopy,/tmp/draft_notes.txt|/backup/internal_mirror/report.pdf,2026-05-26 12:19:00,0
LOG000841,user01,FileDownload,/vault/confidential_bundle.zip,2026-05-24 03:22:00,1
LOG000842,admin,Read,/tmp/draft_notes.txt,2026-05-22 13:35:00,0
LOG000843,admin,Create,/shared/reports/Q1_summary.pdf,2026-05-26 10:51:00,0
LOG000844,user01,FileCopy,/projects/specs.md|/backup/internal_mirror/report.pdf,2026-05-28 14:21:00,0
LOG000845,contractor_x,Read,/projects/specs.md,2026-05-27 13:59:00,0
LOG000846,dev01,FileDownload,/intranet/forms/holiday.pdf,2026-05-25 09:21:00,0
LOG000847,admin,Read,/shared/reports/Q1_summary.pdf,2026-05-25 10:47:00,0
LOG000848,user02,FileDownload,/intranet/forms/holiday.pdf,2026-05-22 09:15:00,0
LOG000849,admin,Modify,/tmp/draft_notes.txt,2026-05-24 11:23:00,0
LOG000850,analyst,Modify,/finance/ledger_gl.db,2026-05-27 02:48:00,1
LOG000851,dev01,FileCopy,/tmp/draft_notes.txt|/backup/internal_mirror/report.pdf,2026-05-27 15:28:00,0
LOG000852,admin,Delete,/keys/signing_key.pem,2026-05-25 23:40:00,1
LOG000853,analyst,Modify,/tmp/draft_notes.txt,2026-05-27 10:08:00,0
LOG000854,analyst,Read,/shared/reports/Q1_summary.pdf,2026-05-25 10:34:00,0
LOG000855,analyst,Delete,/keys/signing_key.pem,2026-05-29 02:45:00,1
LOG000856,user02,Delete,/keys/signing_key.pem,2026-05-26 03:27:00,1
LOG000857,dev01,Read,/projects/specs.md,2026-05-22 08:44:00,0
LOG000858,analyst,Delete,/tmp/draft_notes.txt,2026-06-01 08:02:00,0
LOG000859,user01,FileCopy,/hr/salaries_2026.xlsx|C:/Users/Public/unauth_copy.pem,2026-05-23 23:01:00,1
LOG000860,contractor_x,Delete,/tmp/draft_notes.txt,2026-05-29 14:33:00,0
LOG000861,user02,Delete,/hr/salaries_2026.xlsx,2026-05-22 02:27:00,1
LOG000862,contractor_x,Read,/projects/specs.md,2026-05-29 11:26:00,0
LOG000863,dev01,FileDownload,/intranet/forms/holiday.pdf,2026-05-31 08:43:00,0
LOG000864,admin,Read,/tmp/draft_notes.txt,2026-05-30 13:05:00,0
LOG000865,user01,FileCopy,/projects/specs.md|/backup/internal_mirror/report.pdf,2026-05-28 14:55:00,0
LOG000866,dev01,FileCopy,/finance/ledger_gl.db|C:/Users/Public/unauth_copy.pem,2026-05-22 02:47:00,1
LOG000867,dev01,Read,/shared/reports/Q1_summary.pdf,2026-06-01 13:43:00,0
LOG000868,dev01,Read,/shared/reports/Q1_summary.pdf,2026-05-27 14:02:00,0
LOG000869,dev01,Modify,/projects/specs.md,2026-05-28 14:13:00,0
LOG000870,admin,FileCopy,/tmp/draft_notes.txt|/backup/internal_mirror/report.pdf,2026-05-27 13:48:00,0
LOG000871,dev01,Read,/projects/specs.md,2026-05-24 10:56:00,0
LOG000872,user01,Read,/projects/specs.md,2026-05-25 11:14:00,0
LOG000873,contractor_x,Delete,/tmp/draft_notes.txt,2026-05-23 14:55:00,0
LOG000874,user01,Read,/projects/specs.md,2026-05-23 14:12:00,0
LOG000875,user02,FileCopy,/shared/reports/Q1_summary.pdf|/backup/internal_mirror/report.pdf,2026-05-26 13:44:00,0
LOG000876,admin,Read,/shared/reports/Q1_summary.pdf,2026-05-29 14:47:00,0
LOG000877,user02,Modify,/tmp/draft_notes.txt,2026-05-28 08:53:00,0
LOG000878,analyst,Delete,/keys/signing_key.pem,2026-06-01 01:15:00,1
LOG000879,admin,FileCopy,/shared/reports/Q1_summary.pdf|/backup/internal_mirror/report.pdf,2026-05-25 12:35:00,0
LOG000880,analyst,Delete,/tmp/draft_notes.txt,2026-05-30 15:50:00,0
LOG000881,dev01,Delete,/shared/reports/Q1_summary.pdf,2026-05-28 09:11:00,0
LOG000882,dev01,FileCopy,/projects/specs.md|/backup/internal_mirror/report.pdf,2026-05-29 10:28:00,0
LOG000883,user02,Modify,/shared/reports/Q1_summary.pdf,2026-05-23 15:17:00,0
LOG000884,dev01,Create,/tmp/draft_notes.txt,2026-06-01 09:07:00,0
LOG000885,contractor_x,Delete,/projects/specs.md,2026-06-01 16:40:00,0
LOG000886,user02,FileCopy,/shared/reports/Q1_summary.pdf|/backup/internal_mirror/report.pdf,2026-05-26 15:05:00,0
LOG000887,contractor_x,FileDownload,/intranet/forms/holiday.pdf,2026-05-30 11:30:00,0
LOG000888,user01,Create,/projects/specs.md,2026-05-28 16:56:00,0
LOG000889,dev01,Read,/projects/specs.md,2026-05-27 13:26:00,0
LOG000890,admin,FileCopy,/tmp/draft_notes.txt|/backup/internal_mirror/report.pdf,2026-05-27 11:09:00,0
LOG000891,admin,Delete,/projects/specs.md,2026-05-28 11:18:00,0
LOG000892,admin,Modify,/projects/specs.md,2026-05-23 11:34:00,0
LOG000893,analyst,FileCopy,/projects/specs.md|/backup/internal_mirror/report.pdf,2026-05-24 14:14:00,0
LOG000894,user02,Read,/projects/specs.md,2026-05-23 11:23:00,0
LOG000895,admin,Read,/shared/reports/Q1_summary.pdf,2026-05-23 13:31:00,0
LOG000896,user01,Modify,/tmp/draft_notes.txt,2026-06-01 13:20:00,0
LOG000897,contractor_x,FileCopy,/keys/signing_key.pem|D:/USB_STICK/exfil_copy.csv,2026-05-29 01:08:00,1
LOG000898,admin,Read,/tmp/draft_notes.txt,2026-05-26 09:07:00,0
LOG000899,dev01,FileCopy,/projects/specs.md|/backup/internal_mirror/report.pdf,2026-05-30 15:00:00,0
LOG000900,analyst,FileCopy,/projects/specs.md|/backup/internal_mirror/report.pdf,2026-05-22 14:56:00,0
LOG000901,dev01,FileCopy,/keys/signing_key.pem|/mnt/usb/backup_leak.zip,2026-05-25 03:49:00,1
LOG000902,admin,FileCopy,/tmp/draft_notes.txt|/backup/internal_mirror/report.pdf,2026-05-22 14:31:00,0
LOG000903,user01,FileCopy,/tmp/draft_notes.txt|/backup/internal_mirror/report.pdf,2026-05-30 17:30:00,0
LOG000904,analyst,FileCopy,/shared/reports/Q1_summary.pdf|/backup/internal_mirror/report.pdf,2026-05-27 08:59:00,0
LOG000905,admin,Create,/projects/specs.md,2026-06-01 13:31:00,0
LOG000906,user02,Modify,/shared/reports/Q1_summary.pdf,2026-05-25 09:47:00,0
LOG000907,user01,Read,/projects/specs.md,2026-05-26 11:50:00,0
LOG000908,admin,Create,/projects/specs.md,2026-05-28 08:48:00,0
LOG000909,user02,Delete,/hr/salaries_2026.xlsx,2026-05-25 03:03:00,1
LOG000910,admin,Read,/tmp/draft_notes.txt,2026-05-22 10:32:00,0
LOG000911,analyst,FileCopy,/projects/specs.md|/backup/internal_mirror/report.pdf,2026-05-31 15:48:00,0
LOG000912,admin,Create,/tmp/draft_notes.txt,2026-05-29 10:47:00,0
LOG000913,analyst,FileDownload,/intranet/forms/holiday.pdf,2026-05-24 15:17:00,0
LOG000914,analyst,Read,/tmp/draft_notes.txt,2026-05-25 13:49:00,0
LOG000915,admin,FileCopy,/tmp/draft_notes.txt|/backup/internal_mirror/report.pdf,2026-05-23 09:44:00,0
LOG000916,contractor_x,FileDownload,/vault/confidential_bundle.zip,2026-05-26 02:18:00,1
LOG000917,dev01,Create,/shared/reports/Q1_summary.pdf,2026-05-27 11:39:00,0
LOG000918,user02,Read,/tmp/draft_notes.txt,2026-05-23 12:44:00,0
LOG000919,user01,FileDownload,/intranet/forms/holiday.pdf,2026-05-29 10:58:00,0
LOG000920,analyst,FileDownload,/vault/confidential_bundle.zip,2026-05-25 01:55:00,1
LOG000921,user02,FileDownload,/vault/confidential_bundle.zip,2026-05-30 02:18:00,1
LOG000922,user01,FileCopy,/hr/salaries_2026.xlsx|C:/Users/Public/unauth_copy.pem,2026-05-28 02:38:00,1
LOG000923,contractor_x,Create,/shared/reports/Q1_summary.pdf,2026-05-22 11:15:00,0
LOG000924,user02,Modify,/projects/specs.md,2026-05-25 14:58:00,0
LOG000925,analyst,Create,/shared/reports/Q1_summary.pdf,2026-05-26 13:02:00,0
LOG000926,analyst,Read,/shared/reports/Q1_summary.pdf,2026-05-24 08:26:00,0
LOG000927,analyst,Delete,/hr/salaries_2026.xlsx,2026-05-23 23:31:00,1
LOG000928,admin,Create,/projects/specs.md,2026-05-22 13:29:00,0
LOG000929,admin,Read,/projects/specs.md,2026-05-25 15:14:00,0
LOG000930,admin,Delete,/projects/specs.md,2026-05-26 09:39:00,0
LOG000931,dev01,FileCopy,/keys/signing_key.pem|C:/Users/Public/unauth_copy.pem,2026-05-29 03:11:00,1
LOG000932,contractor_x,Read,/shared/reports/Q1_summary.pdf,2026-05-25 16:23:00,0
LOG000933,dev01,Modify,/hr/salaries_2026.xlsx,2026-05-24 02:38:00,1
LOG000934,contractor_x,FileCopy,/projects/specs.md|/backup/internal_mirror/report.pdf,2026-05-24 09:08:00,0
LOG000935,admin,FileDownload,/intranet/forms/holiday.pdf,2026-05-28 11:32:00,0
LOG000936,user01,Delete,/shared/reports/Q1_summary.pdf,2026-05-25 13:16:00,0
LOG000937,user01,FileDownload,/vault/confidential_bundle.zip,2026-05-24 02:24:00,1
LOG000938,contractor_x,Modify,/keys/signing_key.pem,2026-05-29 02:11:00,1
LOG000939,analyst,FileCopy,/shared/reports/Q1_summary.pdf|/backup/internal_mirror/report.pdf,2026-05-28 11:19:00,0
LOG000940,analyst,Modify,/tmp/draft_notes.txt,2026-05-22 15:18:00,0
LOG000941,analyst,FileDownload,/intranet/forms/holiday.pdf,2026-06-01 08:36:00,0
LOG000942,analyst,Create,/projects/specs.md,2026-05-25 11:52:00,0
LOG000943,user01,Create,/tmp/draft_notes.txt,2026-05-27 09:11:00,0
LOG000944,user02,Delete,/hr/salaries_2026.xlsx,2026-05-26 23:27:00,1
LOG000945,analyst,FileDownload,/vault/confidential_bundle.zip,2026-05-26 03:00:00,1
LOG000946,analyst,FileDownload,/intranet/forms/holiday.pdf,2026-05-29 16:57:00,0
LOG000947,user02,FileDownload,/intranet/forms/holiday.pdf,2026-05-24 17:54:00,0
LOG000948,user02,Modify,/projects/specs.md,2026-05-22 08:58:00,0
LOG000949,analyst,FileCopy,/tmp/draft_notes.txt|/backup/internal_mirror/report.pdf,2026-05-23 14:17:00,0
LOG000950,contractor_x,Read,/shared/reports/Q1_summary.pdf,2026-05-25 17:30:00,0
LOG000951,dev01,FileCopy,/shared/reports/Q1_summary.pdf|/backup/internal_mirror/report.pdf,2026-05-24 14:54:00,0
LOG000952,user02,FileDownload,/intranet/forms/holiday.pdf,2026-05-29 09:50:00,0
LOG000953,admin,Modify,/shared/reports/Q1_summary.pdf,2026-05-30 14:46:00,0
LOG000954,user01,FileDownload,/intranet/forms/holiday.pdf,2026-05-31 15:28:00,0
LOG000955,contractor_x,Modify,/projects/specs.md,2026-05-27 17:57:00,0
LOG000956,dev01,Read,/projects/specs.md,2026-05-24 17:34:00,0
LOG000957,admin,FileDownload,/intranet/forms/holiday.pdf,2026-05-23 15:11:00,0
LOG000958,analyst,Delete,/finance/ledger_gl.db,2026-05-22 02:31:00,1
LOG000959,admin,FileCopy,/tmp/draft_notes.txt|/backup/internal_mirror/report.pdf,2026-05-22 15:05:00,0
LOG000960,admin,Read,/tmp/draft_notes.txt,2026-05-22 13:22:00,0
LOG000961,contractor_x,FileCopy,/secure/vault/customer_pii.csv|/mnt/usb/backup_leak.zip,2026-05-23 23:19:00,1
LOG000962,admin,FileDownload,/intranet/forms/holiday.pdf,2026-05-23 11:38:00,0
LOG000963,analyst,FileCopy,/secure/vault/customer_pii.csv|C:/Users/Public/unauth_copy.pem,2026-05-29 02:48:00,1
LOG000964,user02,Create,/shared/reports/Q1_summary.pdf,2026-05-31 10:08:00,0
LOG000965,contractor_x,Delete,/secure/vault/customer_pii.csv,2026-05-31 03:07:00,1
LOG000966,user02,Delete,/shared/reports/Q1_summary.pdf,2026-05-29 16:57:00,0
LOG000967,admin,Create,/projects/specs.md,2026-05-28 12:44:00,0
LOG000968,user02,Read,/projects/specs.md,2026-05-24 16:15:00,0
LOG000969,user02,FileCopy,/tmp/draft_notes.txt|/backup/internal_mirror/report.pdf,2026-05-22 15:33:00,0
LOG000970,analyst,Create,/projects/specs.md,2026-06-01 15:20:00,0
LOG000971,analyst,FileDownload,/intranet/forms/holiday.pdf,2026-05-27 15:27:00,0
LOG000972,user01,Read,/projects/specs.md,2026-05-29 08:39:00,0
LOG000973,user02,Create,/shared/reports/Q1_summary.pdf,2026-05-29 15:25:00,0
LOG000974,admin,Modify,/tmp/draft_notes.txt,2026-05-25 12:31:00,0
LOG000975,user01,FileDownload,/exports/customer_data.zip,2026-05-28 03:17:00,1
LOG000976,user02,Modify,/tmp/draft_notes.txt,2026-05-22 12:43:00,0
LOG000977,contractor_x,Modify,/tmp/draft_notes.txt,2026-05-24 09:40:00,0
LOG000978,user02,Delete,/shared/reports/Q1_summary.pdf,2026-05-27 16:11:00,0
LOG000979,user01,FileCopy,/shared/reports/Q1_summary.pdf|/backup/internal_mirror/report.pdf,2026-05-26 13:40:00,0
LOG000980,analyst,Modify,/finance/ledger_gl.db,2026-05-31 01:31:00,1
LOG000981,contractor_x,Delete,/shared/reports/Q1_summary.pdf,2026-05-29 11:44:00,0
LOG000982,admin,Create,/projects/specs.md,2026-05-28 16:09:00,0
LOG000983,dev01,Create,/tmp/draft_notes.txt,2026-05-25 14:48:00,0
LOG000984,admin,Read,/tmp/draft_notes.txt,2026-06-01 14:01:00,0
LOG000985,admin,Modify,/tmp/draft_notes.txt,2026-05-29 10:17:00,0
LOG000986,dev01,Read,/tmp/draft_notes.txt,2026-05-28 14:33:00,0
LOG000987,user01,Read,/shared/reports/Q1_summary.pdf,2026-06-01 17:28:00,0
LOG000988,contractor_x,Read,/tmp/draft_notes.txt,2026-05-22 16:03:00,0
LOG000989,dev01,Modify,/tmp/draft_notes.txt,2026-06-01 09:17:00,0
LOG000990,user02,FileCopy,/shared/reports/Q1_summary.pdf|/backup/internal_mirror/report.pdf,2026-05-25 14:17:00,0
LOG000991,user01,Create,/tmp/draft_notes.txt,2026-05-22 17:08:00,0
LOG000992,user02,Create,/tmp/draft_notes.txt,2026-05-30 12:16:00,0
LOG000993,analyst,Modify,/secure/vault/customer_pii.csv,2026-05-23 03:00:00,1
LOG000994,user02,Modify,/projects/specs.md,2026-05-25 12:21:00,0
LOG000995,analyst,Read,/shared/reports/Q1_summary.pdf,2026-05-22 17:08:00,0
LOG000996,user02,FileCopy,/hr/salaries_2026.xlsx|C:/Users/Public/unauth_copy.pem,2026-05-30 23:00:00,1
LOG000997,contractor_x,Read,/projects/specs.md,2026-06-01 17:47:00,0
LOG000998,analyst,Create,/tmp/draft_notes.txt,2026-05-24 12:11:00,0
LOG000999,user01,Read,/tmp/draft_notes.txt,2026-05-31 10:42:00,0
LOG001000,admin,FileCopy,/shared/reports/Q1_summary.pdf|/backup/internal_mirror/report.pdf,2026-05-27 17:18:00,0
LOG001001,admin,Modify,/finance/ledger_gl.db,2026-05-31 01:32:00,1
LOG001002,analyst,FileDownload,/exports/customer_data.zip,2026-05-25 23:41:00,1
LOG001003,contractor_x,FileCopy,/tmp/draft_notes.txt|/backup/internal_mirror/report.pdf,2026-05-22 13:21:00,0
LOG001004,admin,Modify,/hr/salaries_2026.xlsx,2026-05-24 01:27:00,1
LOG001005,dev01,Create,/tmp/draft_notes.txt,2026-05-24 16:53:00,0
LOG001006,user02,Read,/projects/specs.md,2026-05-26 16:26:00,0
LOG001007,user01,FileDownload,/vault/confidential_bundle.zip,2026-05-23 01:02:00,1
LOG001008,contractor_x,Read,/projects/specs.md,2026-05-26 10:30:00,0
LOG001009,contractor_x,Modify,/tmp/draft_notes.txt,2026-05-24 16:14:00,0
LOG001010,dev01,FileDownload,/exports/customer_data.zip,2026-06-01 03:28:00,1
LOG001011,analyst,Read,/tmp/draft_notes.txt,2026-05-27 08:33:00,0
LOG001012,user02,Read,/shared/reports/Q1_summary.pdf,2026-05-23 10:56:00,0
LOG001013,contractor_x,Modify,/projects/specs.md,2026-06-01 14:17:00,0
LOG001014,analyst,Create,/tmp/draft_notes.txt,2026-05-24 11:53:00,0
LOG001015,analyst,Read,/tmp/draft_notes.txt,2026-05-28 13:30:00,0
LOG001016,admin,FileCopy,/secure/vault/customer_pii.csv|C:/Users/Public/unauth_copy.pem,2026-05-25 02:09:00,1
LOG001017,user02,Create,/projects/specs.md,2026-05-27 17:50:00,0
LOG001018,contractor_x,Read,/shared/reports/Q1_summary.pdf,2026-05-29 17:06:00,0
LOG001019,analyst,Modify,/finance/ledger_gl.db,2026-05-29 23:17:00,1
LOG001020,dev01,Modify,/finance/ledger_gl.db,2026-06-01 03:22:00,1
LOG001021,user02,Read,/projects/specs.md,2026-05-27 09:34:00,0
LOG001022,admin,Create,/tmp/draft_notes.txt,2026-05-25 08:54:00,0
LOG001023,analyst,Delete,/keys/signing_key.pem,2026-05-22 02:55:00,1
LOG001024,contractor_x,Create,/shared/reports/Q1_summary.pdf,2026-05-30 13:24:00,0
LOG001025,dev01,FileCopy,/secure/vault/customer_pii.csv|D:/USB_STICK/exfil_copy.csv,2026-05-30 02:29:00,1
LOG001026,user02,FileCopy,/shared/reports/Q1_summary.pdf|/backup/internal_mirror/report.pdf,2026-05-31 08:07:00,0
LOG001027,user01,Modify,/tmp/draft_notes.txt,2026-05-27 08:35:00,0
LOG001028,contractor_x,FileDownload,/intranet/forms/holiday.pdf,2026-05-30 16:45:00,0
LOG001029,dev01,Read,/tmp/draft_notes.txt,2026-05-26 11:13:00,0
LOG001030,contractor_x,Modify,/keys/signing_key.pem,2026-05-29 02:37:00,1
LOG001031,dev01,Delete,/projects/specs.md,2026-05-30 14:51:00,0
LOG001032,admin,FileDownload,/exports/customer_data.zip,2026-05-22 01:20:00,1
LOG001033,contractor_x,Read,/projects/specs.md,2026-05-28 10:31:00,0
LOG001034,admin,Delete,/finance/ledger_gl.db,2026-05-31 23:20:00,1
LOG001035,user02,Read,/tmp/draft_notes.txt,2026-05-27 14:32:00,0
LOG001036,user02,Create,/shared/reports/Q1_summary.pdf,2026-05-26 17:36:00,0
LOG001037,analyst,FileDownload,/vault/confidential_bundle.zip,2026-06-01 03:22:00,1
LOG001038,analyst,FileCopy,/shared/reports/Q1_summary.pdf|/backup/internal_mirror/report.pdf,2026-05-23 14:02:00,0
LOG001039,analyst,FileCopy,/secure/vault/customer_pii.csv|C:/Users/Public/unauth_copy.pem,2026-05-31 01:08:00,1
LOG001040,admin,Read,/projects/specs.md,2026-05-22 08:47:00,0
LOG001041,dev01,Read,/tmp/draft_notes.txt,2026-05-23 17:20:00,0
LOG001042,dev01,Read,/shared/reports/Q1_summary.pdf,2026-05-24 12:02:00,0
LOG001043,admin,Read,/tmp/draft_notes.txt,2026-05-27 12:29:00,0
LOG001044,analyst,FileDownload,/vault/confidential_bundle.zip,2026-05-25 01:28:00,1
LOG001045,contractor_x,Read,/shared/reports/Q1_summary.pdf,2026-05-22 17:43:00,0
LOG001046,dev01,Modify,/shared/reports/Q1_summary.pdf,2026-05-24 13:01:00,0
LOG001047,user02,Delete,/shared/reports/Q1_summary.pdf,2026-05-24 10:37:00,0
LOG001048,contractor_x,Create,/tmp/draft_notes.txt,2026-05-29 10:57:00,0
LOG001049,user02,FileDownload,/intranet/forms/holiday.pdf,2026-05-28 16:41:00,0
LOG001050,dev01,FileCopy,/tmp/draft_notes.txt|/backup/internal_mirror/report.pdf,2026-05-27 15:28:00,0
LOG001051,dev01,Read,/projects/specs.md,2026-05-27 10:48:00,0
LOG001052,analyst,Read,/tmp/draft_notes.txt,2026-05-22 10:43:00,0
LOG001053,admin,FileCopy,/projects/specs.md|/backup/internal_mirror/report.pdf,2026-05-26 10:00:00,0
LOG001054,user02,FileDownload,/intranet/forms/holiday.pdf,2026-06-01 08:08:00,0
LOG001055,user02,Create,/tmp/draft_notes.txt,2026-05-23 08:52:00,0
LOG001056,contractor_x,FileCopy,/tmp/draft_notes.txt|/backup/internal_mirror/report.pdf,2026-05-26 12:42:00,0
LOG001057,dev01,Modify,/secure/vault/customer_pii.csv,2026-05-30 01:03:00,1
LOG001058,user02,FileCopy,/tmp/draft_notes.txt|/backup/internal_mirror/report.pdf,2026-05-29 12:07:00,0
LOG001059,contractor_x,FileDownload,/intranet/forms/holiday.pdf,2026-05-29 12:46:00,0
LOG001060,user02,FileDownload,/exports/customer_data.zip,2026-05-26 03:09:00,1
LOG001061,user01,FileCopy,/hr/salaries_2026.xlsx|/mnt/usb/backup_leak.zip,2026-05-29 02:28:00,1
LOG001062,user02,Modify,/tmp/draft_notes.txt,2026-05-23 15:51:00,0
LOG001063,contractor_x,Create,/projects/specs.md,2026-05-23 16:02:00,0
LOG001064,dev01,Create,/shared/reports/Q1_summary.pdf,2026-05-30 12:22:00,0
LOG001065,analyst,FileDownload,/vault/confidential_bundle.zip,2026-05-28 23:03:00,1
LOG001066,dev01,Read,/tmp/draft_notes.txt,2026-05-31 17:40:00,0
LOG001067,analyst,Create,/projects/specs.md,2026-05-23 11:03:00,0
LOG001068,user02,Modify,/projects/specs.md,2026-05-22 14:54:00,0
LOG001069,user01,Read,/shared/reports/Q1_summary.pdf,2026-05-28 14:29:00,0
LOG001070,user02,Create,/tmp/draft_notes.txt,2026-05-29 09:30:00,0
LOG001071,admin,FileCopy,/shared/reports/Q1_summary.pdf|/backup/internal_mirror/report.pdf,2026-05-31 12:32:00,0
LOG001072,analyst,Delete,/shared/reports/Q1_summary.pdf,2026-05-26 09:46:00,0
LOG001073,admin,Read,/shared/reports/Q1_summary.pdf,2026-05-30 13:41:00,0
LOG001074,user02,Create,/shared/reports/Q1_summary.pdf,2026-05-24 09:09:00,0
LOG001075,analyst,Modify,/keys/signing_key.pem,2026-06-01 23:58:00,1
LOG001076,dev01,FileDownload,/intranet/forms/holiday.pdf,2026-05-30 12:27:00,0
LOG001077,admin,Read,/shared/reports/Q1_summary.pdf,2026-05-31 11:22:00,0
LOG001078,user02,Read,/tmp/draft_notes.txt,2026-05-29 17:41:00,0
LOG001079,user02,Modify,/hr/salaries_2026.xlsx,2026-05-26 03:48:00,1
LOG001080,contractor_x,Modify,/shared/reports/Q1_summary.pdf,2026-05-30 14:03:00,0
LOG001081,dev01,Read,/shared/reports/Q1_summary.pdf,2026-05-31 10:12:00,0
LOG001082,user02,Modify,/projects/specs.md,2026-05-29 14:46:00,0
LOG001083,admin,Read,/shared/reports/Q1_summary.pdf,2026-05-30 11:32:00,0
LOG001084,dev01,Read,/shared/reports/Q1_summary.pdf,2026-05-25 15:08:00,0
LOG001085,user02,Modify,/shared/reports/Q1_summary.pdf,2026-05-30 17:22:00,0
LOG001086,admin,Read,/projects/specs.md,2026-05-27 13:23:00,0
LOG001087,contractor_x,FileCopy,/hr/salaries_2026.xlsx|D:/USB_STICK/exfil_copy.csv,2026-05-25 01:32:00,1
LOG001088,user02,Create,/projects/specs.md,2026-05-31 12:55:00,0
LOG001089,dev01,Create,/projects/specs.md,2026-05-29 11:57:00,0
LOG001090,contractor_x,Create,/projects/specs.md,2026-05-26 16:55:00,0
LOG001091,user02,FileDownload,/intranet/forms/holiday.pdf,2026-05-29 14:09:00,0
LOG001092,dev01,Modify,/keys/signing_key.pem,2026-05-29 23:10:00,1
LOG001093,admin,Delete,/projects/specs.md,2026-05-23 10:53:00,0
LOG001094,dev01,Read,/tmp/draft_notes.txt,2026-05-30 09:12:00,0
LOG001095,dev01,Read,/tmp/draft_notes.txt,2026-05-24 11:45:00,0
LOG001096,user02,Create,/shared/reports/Q1_summary.pdf,2026-05-23 15:10:00,0
LOG001097,contractor_x,Modify,/secure/vault/customer_pii.csv,2026-05-29 23:19:00,1
LOG001098,analyst,FileDownload,/exports/customer_data.zip,2026-05-31 01:23:00,1
LOG001099,admin,Read,/tmp/draft_notes.txt,2026-05-31 10:32:00,0
LOG001100,dev01,FileCopy,/projects/specs.md|/backup/internal_mirror/report.pdf,2026-06-01 11:20:00,0
LOG001101,dev01,Read,/tmp/draft_notes.txt,2026-05-31 10:35:00,0
LOG001102,dev01,FileDownload,/vault/confidential_bundle.zip,2026-05-30 02:43:00,1
LOG001103,user01,FileCopy,/shared/reports/Q1_summary.pdf|/backup/internal_mirror/report.pdf,2026-05-30 09:05:00,0
LOG001104,analyst,Read,/shared/reports/Q1_summary.pdf,2026-05-22 09:58:00,0
LOG001105,analyst,FileCopy,/shared/reports/Q1_summary.pdf|/backup/internal_mirror/report.pdf,2026-05-25 16:36:00,0
LOG001106,user01,Read,/shared/reports/Q1_summary.pdf,2026-05-29 13:20:00,0
LOG001107,contractor_x,Read,/shared/reports/Q1_summary.pdf,2026-05-22 08:04:00,0
LOG001108,dev01,Modify,/tmp/draft_notes.txt,2026-05-22 10:08:00,0
LOG001109,dev01,Modify,/shared/reports/Q1_summary.pdf,2026-05-29 08:03:00,0
LOG001110,user02,Modify,/projects/specs.md,2026-05-26 16:08:00,0
LOG001111,user01,Modify,/tmp/draft_notes.txt,2026-05-27 12:21:00,0
LOG001112,contractor_x,FileDownload,/intranet/forms/holiday.pdf,2026-06-01 14:32:00,0
LOG001113,contractor_x,Modify,/tmp/draft_notes.txt,2026-05-27 15:16:00,0
LOG001114,admin,Delete,/projects/specs.md,2026-05-22 15:18:00,0
LOG001115,user02,Read,/shared/reports/Q1_summary.pdf,2026-05-27 11:53:00,0
LOG001116,admin,FileCopy,/shared/reports/Q1_summary.pdf|/backup/internal_mirror/report.pdf,2026-05-22 09:23:00,0
LOG001117,analyst,Create,/shared/reports/Q1_summary.pdf,2026-05-27 15:06:00,0
LOG001118,analyst,Read,/projects/specs.md,2026-05-26 16:33:00,0
LOG001119,admin,Create,/shared/reports/Q1_summary.pdf,2026-05-27 17:16:00,0
LOG001120,analyst,Read,/projects/specs.md,2026-05-26 10:01:00,0
LOG001121,user02,Delete,/secure/vault/customer_pii.csv,2026-05-24 03:59:00,1
LOG001122,contractor_x,Modify,/shared/reports/Q1_summary.pdf,2026-05-28 10:39:00,0
LOG001123,contractor_x,Read,/shared/reports/Q1_summary.pdf,2026-05-22 12:55:00,0
LOG001124,admin,FileDownload,/vault/confidential_bundle.zip,2026-05-22 01:28:00,1
LOG001125,user01,Modify,/secure/vault/customer_pii.csv,2026-05-27 23:17:00,1
LOG001126,user02,Read,/tmp/draft_notes.txt,2026-05-22 09:44:00,0
LOG001127,user01,Modify,/projects/specs.md,2026-05-31 14:40:00,0
LOG001128,analyst,Read,/projects/specs.md,2026-05-31 17:46:00,0
LOG001129,user01,Read,/tmp/draft_notes.txt,2026-05-26 13:43:00,0
LOG001130,dev01,Delete,/secure/vault/customer_pii.csv,2026-05-29 02:38:00,1
LOG001131,user02,Modify,/tmp/draft_notes.txt,2026-05-31 14:39:00,0
LOG001132,admin,Read,/shared/reports/Q1_summary.pdf,2026-05-27 14:33:00,0
LOG001133,dev01,Modify,/tmp/draft_notes.txt,2026-05-26 17:35:00,0
LOG001134,dev01,FileCopy,/projects/specs.md|/backup/internal_mirror/report.pdf,2026-05-24 08:43:00,0
LOG001135,user02,Delete,/finance/ledger_gl.db,2026-05-25 23:20:00,1
LOG001136,user01,Read,/projects/specs.md,2026-05-28 11:01:00,0
LOG001137,admin,Read,/projects/specs.md,2026-05-25 13:19:00,0
LOG001138,user01,Delete,/tmp/draft_notes.txt,2026-05-24 10:26:00,0
LOG001139,analyst,FileCopy,/tmp/draft_notes.txt|/backup/internal_mirror/report.pdf,2026-05-29 09:15:00,0
LOG001140,analyst,Read,/tmp/draft_notes.txt,2026-06-01 14:20:00,0
LOG001141,dev01,FileDownload,/vault/confidential_bundle.zip,2026-05-27 03:14:00,1
LOG001142,dev01,Modify,/hr/salaries_2026.xlsx,2026-05-24 03:44:00,1
LOG001143,admin,Read,/projects/specs.md,2026-05-25 10:11:00,0
LOG001144,analyst,Modify,/shared/reports/Q1_summary.pdf,2026-05-30 16:07:00,0
LOG001145,user02,Delete,/projects/specs.md,2026-05-24 10:43:00,0
LOG001146,user02,Modify,/tmp/draft_notes.txt,2026-05-27 14:46:00,0
LOG001147,user01,Modify,/keys/signing_key.pem,2026-05-27 02:45:00,1
LOG001148,analyst,FileDownload,/intranet/forms/holiday.pdf,2026-05-29 08:42:00,0
LOG001149,user01,Modify,/projects/specs.md,2026-05-31 14:00:00,0
LOG001150,user01,FileCopy,/shared/reports/Q1_summary.pdf|/backup/internal_mirror/report.pdf,2026-05-30 12:26:00,0
LOG001151,user01,FileDownload,/exports/customer_data.zip,2026-05-24 03:51:00,1
LOG001152,dev01,Read,/tmp/draft_notes.txt,2026-05-27 17:32:00,0
LOG001153,user02,Delete,/projects/specs.md,2026-06-01 11:47:00,0
LOG001154,contractor_x,FileCopy,/tmp/draft_notes.txt|/backup/internal_mirror/report.pdf,2026-05-22 16:21:00,0
LOG001155,user02,Read,/projects/specs.md,2026-05-29 17:19:00,0
LOG001156,admin,Modify,/shared/reports/Q1_summary.pdf,2026-05-31 08:16:00,0
LOG001157,user02,Delete,/keys/signing_key.pem,2026-05-26 01:23:00,1
LOG001158,dev01,Create,/tmp/draft_notes.txt,2026-05-25 13:29:00,0
LOG001159,contractor_x,Delete,/shared/reports/Q1_summary.pdf,2026-05-22 12:09:00,0
LOG001160,user01,Modify,/projects/specs.md,2026-05-30 13:50:00,0
LOG001161,dev01,Read,/projects/specs.md,2026-05-23 10:11:00,0
LOG001162,user01,Modify,/hr/salaries_2026.xlsx,2026-05-29 23:52:00,1
LOG001163,user02,Create,/shared/reports/Q1_summary.pdf,2026-05-22 14:44:00,0
LOG001164,dev01,Read,/tmp/draft_notes.txt,2026-05-27 08:34:00,0
LOG001165,dev01,Modify,/secure/vault/customer_pii.csv,2026-05-31 02:33:00,1
LOG001166,user01,Modify,/hr/salaries_2026.xlsx,2026-05-28 03:22:00,1
LOG001167,contractor_x,Modify,/tmp/draft_notes.txt,2026-05-31 11:23:00,0
LOG001168,user02,FileDownload,/intranet/forms/holiday.pdf,2026-05-25 16:41:00,0
LOG001169,dev01,Delete,/projects/specs.md,2026-05-28 08:35:00,0
LOG001170,dev01,Read,/shared/reports/Q1_summary.pdf,2026-05-28 11:11:00,0
LOG001171,user02,Read,/tmp/draft_notes.txt,2026-05-24 16:32:00,0
LOG001172,admin,FileDownload,/intranet/forms/holiday.pdf,2026-06-01 08:01:00,0
LOG001173,admin,FileCopy,/tmp/draft_notes.txt|/backup/internal_mirror/report.pdf,2026-05-29 13:30:00,0
LOG001174,dev01,FileCopy,/shared/reports/Q1_summary.pdf|/backup/internal_mirror/report.pdf,2026-05-23 11:41:00,0
LOG001175,user01,FileCopy,/keys/signing_key.pem|D:/USB_STICK/exfil_copy.csv,2026-05-31 02:51:00,1
LOG001176,user01,Modify,/tmp/draft_notes.txt,2026-05-23 08:07:00,0
LOG001177,user02,Delete,/tmp/draft_notes.txt,2026-05-24 09:35:00,0
LOG001178,analyst,FileDownload,/intranet/forms/holiday.pdf,2026-05-22 09:09:00,0
LOG001179,dev01,Modify,/shared/reports/Q1_summary.pdf,2026-05-26 12:56:00,0
LOG001180,analyst,Create,/shared/reports/Q1_summary.pdf,2026-05-29 11:34:00,0
LOG001181,contractor_x,Modify,/shared/reports/Q1_summary.pdf,2026-05-24 12:22:00,0
LOG001182,user01,Read,/projects/specs.md,2026-05-28 08:53:00,0
LOG001183,admin,Modify,/projects/specs.md,2026-05-28 08:11:00,0
LOG001184,analyst,Read,/tmp/draft_notes.txt,2026-05-29 14:16:00,0
LOG001185,admin,Delete,/keys/signing_key.pem,2026-05-27 03:51:00,1
LOG001186,user01,FileDownload,/intranet/forms/holiday.pdf,2026-05-26 16:15:00,0
LOG001187,admin,Create,/tmp/draft_notes.txt,2026-05-26 16:14:00,0
LOG001188,dev01,Modify,/hr/salaries_2026.xlsx,2026-05-26 02:32:00,1
LOG001189,contractor_x,FileDownload,/exports/customer_data.zip,2026-05-24 01:07:00,1
LOG001190,user02,FileDownload,/intranet/forms/holiday.pdf,2026-05-29 17:16:00,0
LOG001191,user02,FileCopy,/tmp/draft_notes.txt|/backup/internal_mirror/report.pdf,2026-05-27 08:14:00,0
LOG001192,analyst,FileCopy,/keys/signing_key.pem|C:/Users/Public/unauth_copy.pem,2026-05-30 23:43:00,1
LOG001193,user02,Read,/tmp/draft_notes.txt,2026-05-30 13:42:00,0
LOG001194,dev01,Delete,/shared/reports/Q1_summary.pdf,2026-05-25 16:56:00,0
LOG001195,admin,Read,/tmp/draft_notes.txt,2026-05-25 17:11:00,0
LOG001196,dev01,Create,/shared/reports/Q1_summary.pdf,2026-05-28 12:45:00,0
LOG001197,user01,FileCopy,/tmp/draft_notes.txt|/backup/internal_mirror/report.pdf,2026-05-28 09:02:00,0
LOG001198,contractor_x,FileCopy,/finance/ledger_gl.db|D:/USB_STICK/exfil_copy.csv,2026-05-30 03:02:00,1
LOG001199,contractor_x,Delete,/keys/signing_key.pem,2026-05-31 02:41:00,1
